Protein_ID,Localizations,Signals,Membrane types,Cytoplasm,Nucleus,Extracellular,Cell membrane,Mitochondrion,Plastid,Endoplasmic reticulum,Lysosome/Vacuole,Golgi apparatus,Peroxisome,Peripheral,Transmembrane,Lipid anchor,Soluble
JAC78979.1,Cytoplasm,,Soluble,0.7311999797821045,0.2193000018596649,0.2175000011920929,0.0923999994993209,0.09740000218153,0.0364000014960765,0.2028000056743621,0.1238000020384788,0.5867999792098999,0.0170000009238719,0.5972999930381775,0.0800999999046325,0.0342999994754791,0.7095999717712402
WP_292772139.1,Cytoplasm|Nucleus,Nuclear localization signal,Soluble,0.6940000057220459,0.7164999842643738,0.195700004696846,0.2037000060081482,0.1738000065088272,0.006800000090152,0.0949999988079071,0.0825999975204467,0.0538999997079372,0.0012000000569969,0.558899998664856,0.061999998986721,0.0241999998688697,0.6942999958992004
CAK9043337.1,Extracellular,Signal peptide,Soluble,0.2402999997138977,0.135000005364418,0.8809000253677368,0.1657000035047531,0.1151999980211258,0.0320999994874,0.2008000016212463,0.377700001001358,0.2682999968528747,0.0073000001721084,0.3612000048160553,0.049100000411272,0.0485000014305114,0.7944999933242798
WPT13832.1,Endoplasmic reticulum,Signal peptide|Transmembrane domain,Transmembrane,0.2921000123023987,0.2824999988079071,0.1180000007152557,0.2021999955177307,0.2649999856948852,0.0719999969005584,0.8245000243186951,0.4736000001430511,0.488099992275238,0.1412000060081482,0.2700999975204468,0.9495999813079834,0.2800999879837036,0.1312000006437301
XP_005855418.1,Plastid,,Soluble,0.1492999941110611,0.100500002503395,0.2572999894618988,0.1077999994158744,0.1876000016927719,0.8202999830245972,0.1787000000476837,0.1404999941587448,0.2104000002145767,0.0366999991238117,0.4675999879837036,0.1766999959945678,0.0690999999642372,0.6840000152587891
AVH71216.1,Cytoplasm,,Peripheral|Soluble,0.8284000158309937,0.4138000011444092,0.1471000015735626,0.0531000010669231,0.544700026512146,0.0147000001743435,0.2187999933958053,0.096900001168251,0.1693000048398971,0.0167999994009733,0.6480000019073486,0.0291000008583068,0.0355999991297721,0.7788000106811523
DBA91246.1,Cytoplasm,Signal peptide,Soluble,0.3772999942302704,0.2854000031948089,0.4830999970436096,0.2467000037431717,0.1990000009536743,0.0099999997764825,0.4009000062942505,0.2818000018596649,0.4717999994754791,0.0645999982953071,0.5066999793052673,0.1851000040769577,0.2178999930620193,0.7026000022888184
PRW57786.1,Cytoplasm,,Peripheral|Soluble,0.6646000146865845,0.3361999988555908,0.1075000017881393,0.3161999881267547,0.3887999951839447,0.0148999998345971,0.218299999833107,0.3635999858379364,0.4630999863147735,0.0238000005483627,0.667900025844574,0.1262000054121017,0.1168999969959259,0.6948000192642212
CAK9046591.1,Extracellular,Signal peptide,Soluble,0.1578000038862228,0.3010999858379364,0.6510999798774719,0.2863000035285949,0.1310999989509582,0.0307999998331069,0.0650999993085861,0.1678999960422516,0.1330000013113021,0.0005000000237487,0.388399988412857,0.1335999965667724,0.0373999997973442,0.7681999802589417
GAB7162751.1,Cytoplasm,Transmembrane domain,Transmembrane,0.3594000041484833,0.3348999917507171,0.0732999965548515,0.2838000059127807,0.3580000102519989,0.0559000000357627,0.3664000034332275,0.4544000029563904,0.3352999985218048,0.0199999995529651,0.1398999989032745,0.9771000146865844,0.0825000032782554,0.1656000018119812
BHG28987.1,Cytoplasm,Nuclear localization signal|Nuclear export signal,Peripheral|Soluble,0.718500018119812,0.4700999855995178,0.0847000032663345,0.0773999989032745,0.2344000041484832,0.0241999998688697,0.1425999999046325,0.4320999979972839,0.302700012922287,0.0051000001840293,0.6424999833106995,0.0441000014543533,0.0729999989271164,0.7142000198364258
CAK9083663.1,Extracellular,Signal peptide,Soluble,0.4447999894618988,0.3197999894618988,0.6973999738693237,0.0732000023126602,0.0957999974489212,0.0060999998822808,0.0975999981164932,0.3808999955654144,0.1243000030517578,0.0132999997586011,0.4101999998092651,0.1143999993801117,0.0230999998748302,0.7886999845504761
KAI2500510.1,Nucleus,,Transmembrane,0.3133000135421753,0.4050999879837036,0.1120000034570694,0.1794999986886978,0.414000004529953,0.0595000013709068,0.3614999949932098,0.3194999992847442,0.2527999877929687,0.1534000039100647,0.182899996638298,0.9635000228881836,0.0962999984622001,0.1958000063896179
PRW57819.1,Lysosome/Vacuole,Signal peptide,Soluble,0.1686999946832656,0.0872000008821487,0.645799994468689,0.1988999992609024,0.1445000022649765,0.0419999994337558,0.5479000210762024,0.5949000120162964,0.5130000114440918,0.0094999996945261,0.4751999974250793,0.0819000005722045,0.0305000003427267,0.7197999954223633
BHG30465.1,Extracellular,Signal peptide,Soluble,0.18469999730587,0.0921000018715858,0.8952000141143799,0.0780000016093254,0.1181000024080276,0.0082000000402331,0.3476000130176544,0.3995000123977661,0.3799000084400177,0.0132999997586011,0.1946000009775161,0.0824000015854835,0.1015999987721443,0.8026999831199646
JAC63292.1,Cytoplasm|Extracellular,Signal peptide,Soluble,0.5454000234603882,0.3707999885082245,0.7107999920845032,0.0934000015258789,0.1466999948024749,0.1298000067472458,0.1898999959230423,0.2303999960422516,0.2437999993562698,0.0157999992370605,0.6118999719619751,0.182899996638298,0.0644000023603439,0.6923999786376953
KOO26490.1,Mitochondrion,Mitochondrial transit peptide,Peripheral|Soluble,0.3973999917507171,0.2522999942302704,0.2773999869823456,0.088699996471405,0.7034000158309937,0.2175000011920929,0.1826000064611435,0.4427999854087829,0.3806000053882599,0.0671000033617019,0.8123999834060669,0.0588999986648559,0.0588999986648559,0.6114000082015991
GLC42984.1,Plastid,Chloroplast transit peptide,Peripheral|Soluble,0.089599996805191,0.0886000022292137,0.0267999991774559,0.0934000015258789,0.227400004863739,0.9781000018119812,0.031599998474121,0.0694999992847442,0.1088000014424324,0.0296999998390674,0.7124000191688538,0.0507999993860721,0.0478000007569789,0.7009999752044678
KAA6426972.1,Plastid,Chloroplast transit peptide,Peripheral|Soluble,0.0904000028967857,0.0944999977946281,0.025399999693036,0.0640999972820282,0.2486000061035156,0.9951000213623048,0.0186999998986721,0.0502000004053115,0.0571999996900558,0.0326999984681606,0.7289999723434448,0.062399998307228,0.0401999987661838,0.6410999894142151
PRW56287.1,Cytoplasm,,Peripheral|Soluble,0.5515999794006348,0.2883999943733215,0.24719999730587,0.1284999996423721,0.2193000018596649,0.0269000008702278,0.1580999940633773,0.319599986076355,0.4729000031948089,0.0241999998688697,0.6725999712944031,0.0430999994277954,0.0935999974608421,0.7407000064849854
CAK9040383.1,Extracellular,Signal peptide,Soluble,0.1843000054359436,0.0806000009179115,0.8082000017166138,0.1424999982118606,0.1287000030279159,0.0447999984025955,0.3885999917984009,0.4442000091075897,0.2160000056028366,0.0535000003874301,0.3285000026226043,0.0799999982118606,0.064699999988079,0.7843000292778015
DBA73082.1,Plastid,Chloroplast transit peptide,Peripheral|Soluble,0.1040000021457672,0.0953999981284141,0.0472000017762184,0.0819000005722045,0.1915999948978424,0.97979998588562,0.0156999994069337,0.0494000017642974,0.0749000012874603,0.0294000003486871,0.6757000088691711,0.065200001001358,0.0353999994695186,0.6646999716758728
CAK9016980.1,Extracellular|Lysosome/Vacuole,Signal peptide,Soluble,0.2478999942541122,0.1353999972343444,0.7660999894142151,0.2362000048160553,0.0524000003933906,0.1472000032663345,0.440200001001358,0.5715000033378601,0.5080000162124634,0.0266999993473291,0.2755999863147735,0.3477999866008758,0.0852999985218048,0.6754999756813049
BHG20207.1,Cytoplasm,,Soluble,0.6762999892234802,0.2933999896049499,0.2105000019073486,0.0795999988913536,0.123599998652935,0.0896999984979629,0.2495999932289123,0.1545999944210052,0.6043000221252441,0.006800000090152,0.5134999752044678,0.1102999970316886,0.0439000017940998,0.6985999941825867
KAL3145805.1,Cytoplasm|Nucleus,Nuclear localization signal,Soluble,0.5447999835014343,0.6107000112533569,0.0272000003606081,0.1687999963760376,0.1413999944925308,0.0110999997705221,0.09009999781847,0.036200001835823,0.0662000030279159,0.0001999999949475,0.2345999926328659,0.050500001758337,0.1020999997854232,0.8565999865531921
KAK3285214.1,Plastid,Chloroplast transit peptide,Peripheral|Soluble,0.1568000018596649,0.1102999970316886,0.0284000001847744,0.1472000032663345,0.2621999979019165,0.975499987602234,0.0414000004529953,0.0537000000476837,0.0807000026106834,0.0168999992311,0.7290999889373779,0.0830999985337257,0.0693999975919723,0.6323999762535095
PSC75140.1,Cytoplasm|Golgi apparatus,Signal peptide,Soluble,0.6672999858856201,0.1423999965190887,0.4936999976634979,0.159400001168251,0.178299993276596,0.0296999998390674,0.2809000015258789,0.0920000001788139,0.6978999972343445,0.0103000001981854,0.5652999877929688,0.0882999971508979,0.1040000021457672,0.7358999848365784
OLP76994.1,Extracellular,Signal peptide,Soluble,0.2608999907970428,0.1372999995946884,0.9370999932289124,0.1023999974131584,0.1588999927043914,0.1002999991178512,0.198400005698204,0.2944999933242798,0.301800012588501,0.0320000015199184,0.2506999969482422,0.1081999987363815,0.0619000010192394,0.777400016784668
QNL10626.1,Plastid,Chloroplast transit peptide,Peripheral|Soluble,0.1847999989986419,0.0899000018835067,0.0315000005066394,0.064699999988079,0.3000999987125397,0.9710999727249146,0.0208000000566244,0.0377999991178512,0.0733999982476234,0.0234999991953372,0.6912999749183655,0.034800000488758,0.0516999997198581,0.7397000193595886
GLC36330.1,Plastid,Chloroplast transit peptide,Peripheral|Soluble,0.1238999962806701,0.096900001168251,0.0733999982476234,0.1049999967217445,0.1641999930143356,0.9258999824523926,0.017799999564886,0.0487999990582466,0.1185000017285347,0.0307000000029802,0.6995999813079834,0.063400000333786,0.0621999986469745,0.7021999955177307
GBF97456.1,Cytoplasm,,Soluble,0.7132999897003174,0.2393999993801117,0.2849999964237213,0.3862000107765198,0.179299995303154,0.2082999944686889,0.0908000022172927,0.1000000014901161,0.2046000063419342,0.0176999997347593,0.555400013923645,0.0711999982595443,0.0659999996423721,0.760699987411499
WP_104909646.1,Cytoplasm|Nucleus,Nuclear localization signal,Soluble,0.6349999904632568,0.7746999859809875,0.2213000059127807,0.1861999928951263,0.218299999833107,0.0060999998822808,0.0581000000238418,0.0989999994635582,0.0750999972224235,0.0019000000320374,0.5422999858856201,0.1129999980330467,0.0161000005900859,0.6349999904632568
KAL4854100.1,Extracellular,Signal peptide,Soluble,0.3533999919891357,0.2104000002145767,0.7752000093460083,0.153899997472763,0.1299999952316284,0.3352000117301941,0.2266000062227249,0.3158000111579895,0.2056999951601028,0.05180000141263,0.3767000138759613,0.1882999986410141,0.0436000004410743,0.6915000081062317
BDA43983.1,Cytoplasm,,Soluble,0.5741000175476074,0.320499986410141,0.1931000053882599,0.1648000031709671,0.2353000044822693,0.3998999893665313,0.0914999991655349,0.1347000002861023,0.2833000123500824,0.0549000017344951,0.5932000279426575,0.1027999967336654,0.0568000003695488,0.7121999859809875
PSC69095.1,Plastid,,Peripheral|Soluble,0.3898000121116638,0.1195999979972839,0.2298000007867813,0.2834999859333038,0.3714999854564667,0.6100999712944031,0.0888999998569488,0.1370999962091446,0.2202000021934509,0.0577999986708164,0.7390999794006348,0.1255999952554702,0.2935999929904938,0.5103999972343445
GBF92797.1,Cytoplasm,,Soluble,0.5241000056266785,0.1254000067710876,0.1982000023126602,0.325300008058548,0.2469999939203262,0.4494000077247619,0.0846000015735626,0.1324999928474426,0.3310000002384186,0.0456000007688999,0.5331000089645386,0.1761000007390976,0.0658000037074089,0.684499979019165
PSC69096.1,Cytoplasm,,Soluble,0.6251999735832214,0.2119999974966049,0.1638000011444091,0.262499988079071,0.1879999935626983,0.0452999994158744,0.1176000013947486,0.1360000073909759,0.2619999945163727,0.0187999997287988,0.5773000121116638,0.0947000011801719,0.0441999994218349,0.7423999905586243
KAH7618562.1,Cytoplasm,,Soluble,0.6777999997138977,0.4717000126838684,0.1215000003576278,0.0412999987602233,0.2160000056028366,0.0263999998569488,0.1847999989986419,0.2167000025510788,0.1784999966621399,0.0320999994874,0.4828999936580658,0.0838999971747398,0.065600000321865,0.685699999332428
BHG31003.1,Extracellular|Lysosome/Vacuole,Signal peptide,Soluble,0.1799000054597854,0.094200000166893,0.7626000046730042,0.194700002670288,0.0527999997138977,0.0513000003993511,0.4526000022888183,0.5724999904632568,0.3091999888420105,0.0013999999500811,0.3869999945163727,0.0630000010132789,0.0419999994337558,0.7530999779701233
CAK9007776.1,Cell membrane|Lysosome/Vacuole,Signal peptide|Transmembrane domain,Transmembrane,0.1591999977827072,0.1388999968767166,0.1030000001192092,0.5913000106811523,0.2483000010251999,0.0313999988138675,0.5616000294685364,0.6378999948501587,0.3887999951839447,0.0091000003740191,0.1042999997735023,0.9679999947547911,0.0542000010609626,0.2745000123977661
BDA46723.1,Cytoplasm,,Soluble,0.6017000079154968,0.2937000095844269,0.1548999994993209,0.168500006198883,0.1510999947786331,0.0870999991893768,0.1098999977111816,0.3610999882221222,0.277999997138977,0.2401999980211258,0.5824000239372253,0.1045999974012374,0.0564000010490417,0.7091000080108643
KAL3143590.1,Plastid,Chloroplast transit peptide,Peripheral|Soluble,0.1114000007510185,0.0992999970912933,0.0304000005125999,0.0952999964356422,0.2583999931812286,0.9678999781608582,0.0216000005602836,0.100100003182888,0.0671000033617019,0.0513000003993511,0.6801000237464905,0.0806000009179115,0.0388999991118907,0.6452999711036682
BDA41136.1,Plastid,Chloroplast transit peptide,Soluble,0.1600999981164932,0.0929000005125999,0.0857999995350837,0.0680000036954879,0.1544999927282333,0.958400011062622,0.0302000008523464,0.0573000013828277,0.0851000025868415,0.0636000037193298,0.5812000036239624,0.0518999993801116,0.0379999987781047,0.7544999718666077
DBA93091.1,Cytoplasm,,Soluble,0.5192000269889832,0.42739999294281,0.3537999987602234,0.0921000018715858,0.2962000072002411,0.0456999987363815,0.0680999979376792,0.0781999975442886,0.0925000011920929,0.0098999999463558,0.3294999897480011,0.090999998152256,0.0359000004827976,0.8026000261306763
KAI8465551.1,Cytoplasm,,Soluble,0.6772000193595886,0.2556999921798706,0.2113000005483627,0.1574999988079071,0.2129999995231628,0.0324999988079071,0.1440999954938888,0.32710000872612,0.3154999911785126,0.0082000000402331,0.5967000126838684,0.0636999979615211,0.036200001835823,0.7361000180244446
WPT13856.1,Plastid,Chloroplast transit peptide,Peripheral|Soluble,0.0944999977946281,0.091399997472763,0.0179999992251396,0.0758000016212463,0.1500999927520752,0.9943000078201294,0.0239000003784894,0.1422999948263168,0.062399998307228,0.1129999980330467,0.6930999755859375,0.0544999986886978,0.0401999987661838,0.689300000667572
KAA6422034.1,Cytoplasm,,Soluble,0.6126999855041504,0.4501000046730041,0.402099996805191,0.1500999927520752,0.1133000031113624,0.0219000000506639,0.1049000024795532,0.1961999982595443,0.1562999933958053,0.0197999998927116,0.5184999704360962,0.0807000026106834,0.0397000014781951,0.7799999713897705
BHG24178.1,Plastid,Chloroplast transit peptide,Peripheral|Soluble,0.1421000063419342,0.1186999976634979,0.046399999409914,0.1255999952554702,0.1623000055551529,0.9517999887466432,0.02449999935925,0.1048000007867813,0.1107999980449676,0.0324999988079071,0.677299976348877,0.0808999985456466,0.0288999993354082,0.651199996471405
WP_346341806.1,Cytoplasm|Nucleus,Nuclear localization signal|Nuclear export signal,Soluble,0.7443000078201294,0.5939000248908997,0.2687999904155731,0.0830999985337257,0.1164999976754188,0.0203000009059906,0.2111999988555908,0.1668999940156936,0.2865999937057495,0.0015999999595806,0.6080999970436096,0.062399998307228,0.0189999993890523,0.7163000106811523
XRB24056.1,Extracellular,Signal peptide,Soluble,0.2474000006914138,0.1074000000953674,0.8313000202178955,0.1195999979972839,0.1040999963879585,0.168500006198883,0.2991999983787536,0.3086999952793121,0.3346000015735626,0.0248000007122755,0.4386000037193298,0.3136999905109405,0.0540999993681907,0.5418000221252441
BDA43455.1,Plastid,Chloroplast transit peptide,Peripheral|Soluble,0.170300006866455,0.0855000019073486,0.0274999998509883,0.1177000030875206,0.3046999871730804,0.9836000204086304,0.0555000007152557,0.0703999996185302,0.1416999995708465,0.0315000005066394,0.7411999702453613,0.0749000012874603,0.0568999983370304,0.6380000114440918
PNH12217.1,Cytoplasm,,Peripheral|Soluble,0.510200023651123,0.1933999955654144,0.2221000045537948,0.1402000039815902,0.245399996638298,0.0790999978780746,0.1580999940633773,0.3440000116825104,0.4648999869823456,0.1747000068426132,0.6480000019073486,0.0489000007510185,0.0725999996066093,0.7265999913215637
KAH7623791.1,Plastid,Chloroplast transit peptide,Peripheral|Soluble,0.1694999933242797,0.1186000034213066,0.0798000022768974,0.1216999962925911,0.5299000144004822,0.9527000188827516,0.0535000003874301,0.0925000011920929,0.1296000033617019,0.0227000005543231,0.6834999918937683,0.0791999995708465,0.0434999987483024,0.6579999923706055
GBF88708.1,Plastid,,Peripheral|Soluble,0.1950999945402145,0.1054000034928321,0.1473000049591064,0.155699998140335,0.3222000002861023,0.6491000056266785,0.0291000008583068,0.0555999986827373,0.1913000047206878,0.0249000005424022,0.6665999889373779,0.0577000007033348,0.0640999972820282,0.7501000165939331
UPR02253.1,Plastid,Chloroplast transit peptide,Peripheral|Soluble,0.1165999993681907,0.1114000007510185,0.0370999984443187,0.1089999973773956,0.1960999965667724,0.9125999808311462,0.0366000011563301,0.048700001090765,0.0736000016331672,0.0070000002160668,0.7720000147819519,0.0571000017225742,0.0595000013709068,0.6263999938964844
CAK9039095.1,Lysosome/Vacuole,Signal peptide|Transmembrane domain,Transmembrane,0.3499000072479248,0.1421000063419342,0.3801000118255615,0.3898999989032745,0.1916999965906143,0.0303000006824731,0.2694000005722046,0.5231000185012817,0.4471000134944916,0.0104000000283122,0.0608000010251998,0.9652000069618224,0.1853999942541122,0.2714000046253204
GBF90498.1,Cytoplasm,,Soluble,0.5874000191688538,0.1296000033617019,0.4056000113487243,0.2216999977827072,0.1787000000476837,0.1307999938726425,0.1030000001192092,0.0940999984741211,0.5644000172615051,0.0154999997466802,0.4408000111579895,0.1548999994993209,0.0738999992609024,0.6897000074386597
GAB1854978.1,Cytoplasm,,Soluble,0.6126000285148621,0.4214999973773956,0.3989999890327453,0.0590999983251094,0.3614000082015991,0.3806000053882599,0.1325999945402145,0.0520000010728836,0.1278000026941299,0.0074999998323619,0.6115999817848206,0.0570000000298023,0.0181000009179115,0.7332000136375427
KAL4857809.1,Mitochondrion,Mitochondrial transit peptide,Peripheral,0.2071000039577484,0.1280999928712844,0.1190000027418136,0.135000005364418,0.6428999900817871,0.6204000115394592,0.0298999994993209,0.0399999991059303,0.182899996638298,0.0562999993562698,0.7738999724388123,0.368800014257431,0.1907999962568283,0.3450999855995178
WP_287691645.1,Extracellular,Signal peptide,Soluble,0.1906999945640564,0.1796000003814697,0.8206999897956848,0.1624999940395355,0.1254000067710876,0.0062000001780688,0.3300000131130218,0.2842000126838684,0.1591999977827072,0.0071000000461936,0.488099992275238,0.2714000046253204,0.0294000003486871,0.508400022983551
XRB24331.1,Extracellular,Signal peptide,Soluble,0.1089000031352043,0.0802000015974044,0.8776999711990356,0.1851000040769577,0.0540999993681907,0.0137999998405575,0.185599997639656,0.2030999958515167,0.1305000036954879,0.0043000001460313,0.2125999927520752,0.124499998986721,0.0381999984383583,0.7756999731063843
CAK8985776.1,Nucleus,Nuclear localization signal,Soluble,0.2640999853610992,0.7990999817848206,0.2458000034093856,0.0577999986708164,0.1844999939203262,0.0046999999321997,0.0278999991714954,0.1128000020980835,0.0288999993354082,0.0023000000510364,0.397599995136261,0.0436999984085559,0.0366000011563301,0.8453999757766724
XKU17384.1,Plastid,Chloroplast transit peptide,Soluble,0.1033999994397163,0.1251000016927719,0.0337000004947185,0.0666999965906143,0.26910001039505,0.9527999758720398,0.0200999993830919,0.0674000009894371,0.0898000001907348,0.0383000001311302,0.6067000031471252,0.0571999996900558,0.0447999984025955,0.7247999906539917
PRW58019.1,Mitochondrion,Mitochondrial transit peptide,Peripheral|Soluble,0.2640999853610992,0.1873999983072281,0.0772999972105026,0.0749000012874603,0.862500011920929,0.1404999941587448,0.0604000017046928,0.0370000004768371,0.0549999997019767,0.0097000002861022,0.7330999970436096,0.0410999990999698,0.0439000017940998,0.6764000058174133
BHG26016.1,Cytoplasm,,Peripheral|Soluble,0.6234999895095825,0.4900999963283539,0.4251999855041504,0.0925000011920929,0.2413000017404556,0.0175999999046325,0.0599000006914138,0.1627999991178512,0.1271000057458877,0.3097999989986419,0.6335999965667725,0.1424999982118606,0.093299999833107,0.673799991607666
OLP84831.1,Extracellular,Signal peptide,Transmembrane,0.2078000009059906,0.1089000031352043,0.5573999881744385,0.3831000030040741,0.2671000063419342,0.2894000113010406,0.4271999895572662,0.4365000128746032,0.320499986410141,0.0276999995112419,0.4075999855995178,0.9228000044822692,0.1587000042200088,0.2072000056505203
GAB5036660.1,Extracellular,Signal peptide,Soluble,0.2259999960660934,0.0926999971270561,0.911199986934662,0.1136000007390976,0.1013000011444091,0.0595999993383884,0.2975000143051147,0.3646999895572662,0.2824000120162964,0.0104999998584389,0.1940000057220459,0.0991000011563301,0.0680999979376792,0.8169000148773193
XKU19429.1,Plastid,Chloroplast transit peptide,Transmembrane,0.1406999975442886,0.0829000025987625,0.1309999972581863,0.1202000007033348,0.2949000000953674,0.9434999823570251,0.0802000015974044,0.0877000018954277,0.1140000000596046,0.026300000026822,0.5166000127792358,0.9397000074386596,0.0593999996781349,0.1089999973773956
KAL3137866.1,Plastid,Chloroplast transit peptide,Peripheral|Soluble,0.1327999979257583,0.0749000012874603,0.0310999993234872,0.1220000013709068,0.2705000042915344,0.984499990940094,0.0357999987900257,0.0395999997854232,0.121299996972084,0.0423000007867813,0.7121999859809875,0.0584000013768672,0.0676999986171722,0.6819999814033508
XP_013906688.1,Cytoplasm,,Soluble,0.6376000046730042,0.2114000022411346,0.1358000040054321,0.2858999967575073,0.1747999936342239,0.017799999564886,0.1620000004768371,0.1199000030755996,0.2946000099182129,0.0020000000949949,0.5644999742507935,0.1616999953985214,0.0538000017404556,0.7045000195503235
TVP63201.1,Cytoplasm|Nucleus,Nuclear localization signal|Nuclear export signal,Peripheral|Soluble,0.7414000034332275,0.6809999942779541,0.1605000048875808,0.0815000012516975,0.1881999969482422,0.0035999999381601,0.0619000010192394,0.0887999981641769,0.0905999988317489,0.0023000000510364,0.6514999866485596,0.0296999998390674,0.0220999997109174,0.7505000233650208
KAK1739442.1,Extracellular,Signal peptide,Soluble,0.3422000110149383,0.2804999947547912,0.6496000289916992,0.2108000069856643,0.1176000013947486,0.0100999996066093,0.0892999991774559,0.138600006699562,0.1032000035047531,0.0003999999898951,0.2320999950170517,0.0599999986588954,0.0505999997258186,0.8392999768257141
OLP82700.1,Extracellular,Signal peptide,Soluble,0.1762000024318695,0.0791999995708465,0.7858999967575073,0.2067999988794326,0.1098999977111816,0.1203000023961067,0.3736999928951263,0.5108000040054321,0.412200003862381,0.0073000001721084,0.4013999998569488,0.0811000019311904,0.0793000012636184,0.7544999718666077
XP_001416385.1,Cytoplasm,,Peripheral,0.5371999740600586,0.2592000067234039,0.2440000027418136,0.1411000043153762,0.2985000014305115,0.132200002670288,0.2416000068187713,0.2915999889373779,0.4036000072956085,0.0986000001430511,0.5821999907493591,0.4178999960422516,0.1758999973535537,0.4079000055789947
XP_005794512.1,Cytoplasm,,Soluble,0.6384999752044678,0.3134999871253967,0.3233000040054321,0.0868000015616417,0.3127000033855438,0.276199996471405,0.2412000000476837,0.2560999989509582,0.213699996471405,0.0270000007003545,0.5475999712944031,0.0675999969244003,0.0403000004589557,0.7439000010490417
JAC61110.1,Plastid,Chloroplast transit peptide,Peripheral|Soluble,0.1499000042676925,0.1524000018835067,0.1155000030994415,0.0806000009179115,0.3862000107765198,0.9380000233650208,0.0445000007748603,0.0566000007092952,0.0688999965786933,0.1059999987483024,0.6804999709129333,0.0644000023603439,0.0599000006914138,0.7008000016212463
KAL4855527.1,Cytoplasm,,Soluble,0.6916999816894531,0.2046999931335449,0.1309999972581863,0.3698999881744385,0.1851000040769577,0.0706000030040741,0.0833000019192695,0.0706999972462654,0.2976999878883362,0.0085000004619359,0.5667999982833862,0.1265999972820282,0.2906000018119812,0.6021999716758728
KAL4859528.1,Plastid,Chloroplast transit peptide,Peripheral|Soluble,0.1490000039339065,0.1142999976873397,0.0461000017821788,0.0759000033140182,0.2824999988079071,0.8508999943733215,0.0219999998807907,0.1054000034928321,0.1265999972820282,0.1092000007629394,0.6845999956130981,0.0736000016331672,0.0373000018298625,0.6694999933242798
BDA42333.1,Extracellular,Signal peptide,Soluble,0.1703999936580658,0.1128000020980835,0.8804000020027161,0.1765999943017959,0.0640999972820282,0.02449999935925,0.2016000002622604,0.4555999934673309,0.1812999993562698,0.0094999996945261,0.2931999862194061,0.0476000010967254,0.0322999991476535,0.8456000089645386
OEU20389.1,Cytoplasm,,Transmembrane,0.4573999941349029,0.210899993777275,0.1044000014662742,0.1009000018239021,0.2012999951839447,0.0712999999523162,0.3662000000476837,0.4833999872207641,0.2878000140190124,0.0742999985814094,0.5253000259399414,0.9050999879837036,0.1257999986410141,0.1337999999523162
DBB12754.1,Cytoplasm,,Soluble,0.629800021648407,0.5192000269889832,0.1780000030994415,0.1177000030875206,0.3197999894618988,0.0333000011742115,0.1474000066518783,0.2268999963998794,0.1497000008821487,0.0142000000923872,0.4462000131607055,0.0445000007748603,0.0943000018596649,0.8420000076293945
XP_013890449.1,Cytoplasm|Golgi apparatus,Signal peptide,Soluble,0.6614999771118164,0.0965000018477439,0.2827999889850616,0.5217000246047974,0.1833000034093856,0.0842999964952468,0.1384000033140182,0.4668999910354614,0.7006000280380249,0.0187999997287988,0.5490000247955322,0.1695999950170517,0.0383000001311302,0.7307000160217285
PRW57788.1,Cytoplasm,Nuclear localization signal,Peripheral|Soluble,0.6392999887466431,0.3788000047206878,0.0839999988675117,0.334199994802475,0.3673000037670135,0.0086000002920627,0.2128999978303909,0.3637999892234802,0.4271000027656555,0.0215000007301569,0.6559000015258789,0.1229000017046928,0.1348000019788742,0.7062000036239624
EWM26893.1,Extracellular,Signal peptide,Soluble,0.2164999991655349,0.1381999999284744,0.8561999797821045,0.1300999969244003,0.2135999947786331,0.1063999980688095,0.2675000131130218,0.3007000088691711,0.2236000001430511,0.0423999987542629,0.414900004863739,0.0608000010251998,0.1123000010848045,0.7038999795913696
XP_007509170.1,Cytoplasm,,Peripheral,0.4327000081539154,0.2676999866962433,0.2211000025272369,0.1562999933958053,0.4009000062942505,0.1928000003099441,0.2919000089168548,0.2576000094413757,0.3145999908447265,0.1712000072002411,0.621399998664856,0.5145999789237976,0.1361999958753585,0.3102000057697296
KFM23605.1,Cytoplasm,Signal peptide,Soluble,0.4641999900341034,0.2090000063180923,0.4266999959945678,0.1386999934911728,0.2423000037670135,0.0140000004321336,0.3418999910354614,0.3912000060081482,0.2669000029563904,0.1093999966979026,0.4873999953269958,0.1473000049591064,0.1079000011086463,0.6406000256538391
GAB1851842.1,Plastid,Chloroplast transit peptide,Peripheral|Soluble,0.2901000082492828,0.0850000008940696,0.0645999982953071,0.0621000006794929,0.255400002002716,0.9678000211715698,0.0627000033855438,0.048700001090765,0.2170999944210052,0.1015999987721443,0.728600025177002,0.1181000024080276,0.0405000001192092,0.5720999836921692
XP_007513643.1,Cytoplasm|Nucleus,Nuclear localization signal,Peripheral|Soluble,0.5942000150680542,0.5945000052452087,0.0230999998748302,0.0461999997496604,0.3073000013828277,0.090999998152256,0.1225000023841857,0.1222999989986419,0.0851000025868415,0.0012000000569969,0.6552000045776367,0.0247000008821487,0.0359999984502792,0.7330999970436096
KOO35245.1,Lysosome/Vacuole,Signal peptide,Transmembrane,0.1727000027894973,0.1216000020503997,0.5906000137329102,0.3452000021934509,0.1999000012874603,0.1624999940395355,0.4812999963760376,0.6122000217437744,0.4652000069618225,0.05180000141263,0.1352999955415725,0.9603999853134156,0.1635999977588653,0.1695999950170517
WP_192158670.1,Mitochondrion,,Peripheral|Soluble,0.296099990606308,0.1020999997854232,0.4487000107765198,0.0815000012516975,0.4729000031948089,0.0828000009059906,0.1876000016927719,0.0675999969244003,0.1456000059843063,0.0137999998405575,0.7541000247001648,0.1110000014305114,0.0240000002086162,0.5353999733924866
ASK39989.1,Extracellular,Signal peptide,Transmembrane,0.1916999965906143,0.0685999989509582,0.8048999905586243,0.4311000108718872,0.1720999926328659,0.0976999998092651,0.3368000090122223,0.3666999936103821,0.6676999926567078,0.0138999996706843,0.1785999983549118,0.8543999791145325,0.5048999786376953,0.2888000011444092
GHP09167.1,Cytoplasm,,Soluble,0.6901999711990356,0.4383000135421753,0.0763999968767166,0.0803999975323677,0.1339000016450882,0.0625,0.1413999944925308,0.2231999933719635,0.1536999940872192,0.0087999999523162,0.3680999875068664,0.0728000029921531,0.0193000007420778,0.7670000195503235
KAK3275553.1,Cytoplasm,,Soluble,0.6467999815940857,0.4907000064849853,0.3503000140190124,0.1516000032424926,0.2092999964952469,0.0478999987244606,0.0632999986410141,0.1774999946355819,0.1521999984979629,0.0463000014424324,0.5737000107765198,0.1063999980688095,0.0355000011622905,0.6987000107765198
KAK1741527.1,Plastid,,Soluble,0.1169999986886978,0.0648000016808509,0.1914000064134597,0.1757999956607818,0.1887000054121017,0.6068000197410583,0.1596000045537948,0.1757999956607818,0.1994999945163726,0.0043000001460313,0.487199991941452,0.1447000056505203,0.0537000000476837,0.5753999948501587
UPR03052.1,Cytoplasm,,Soluble,0.6194999814033508,0.3244999945163727,0.1298999935388565,0.1004000008106231,0.1571999937295913,0.1799000054597854,0.2046999931335449,0.2804000079631805,0.2657999992370605,0.1369999945163726,0.6050999760627747,0.0662000030279159,0.0267999991774559,0.6880000233650208
BHG29214.1,Cytoplasm,,Soluble,0.6233000159263611,0.2777000069618225,0.6287999749183655,0.1887000054121017,0.3591000139713287,0.1890999972820282,0.1202000007033348,0.1207000017166137,0.1888000071048736,0.0267999991774559,0.5802000164985657,0.0210999995470047,0.1648000031709671,0.7501000165939331
PRW56286.1,Cytoplasm,,Peripheral|Soluble,0.5903000235557556,0.2635999917984009,0.1811999976634979,0.1102000027894973,0.2644000053405761,0.0216000005602836,0.2110999971628189,0.403899997472763,0.4824999868869781,0.0381000004708766,0.6559000015258789,0.0432000011205673,0.0872000008821487,0.7433000206947327
BDA51062.1,Extracellular,Signal peptide,Soluble,0.1583999991416931,0.0763000026345253,0.7418000102043152,0.2351000010967254,0.0754000023007392,0.0500999987125396,0.5504000186920166,0.5268999934196472,0.3698999881744385,0.0019000000320374,0.375900000333786,0.0640000030398368,0.0388999991118907,0.7657999992370605
XP_002179741.1,Golgi apparatus,Signal peptide|Transmembrane domain,Transmembrane,0.1961999982595443,0.2349999994039535,0.2896000146865845,0.1412999927997589,0.0878000035881996,0.0059000002220273,0.4930999875068664,0.4162000119686126,0.7278000116348267,0.0109999999403953,0.1588999927043914,0.9225999712944032,0.0262000001966953,0.2452999949455261
XKU22389.1,Cytoplasm,,Peripheral|Soluble,0.5760999917984009,0.4444000124931335,0.2232999950647354,0.0869999974966049,0.200200006365776,0.3689000010490417,0.1020999997854232,0.1115999966859817,0.1136000007390976,0.0271000005304813,0.6265000104904175,0.063400000333786,0.0408000014722347,0.7329999804496765
GBF87952.1,Nucleus,,Peripheral|Soluble,0.384799987077713,0.4645000100135803,0.2479999959468841,0.2696999907493591,0.1695999950170517,0.0275999996811151,0.0636000037193298,0.0399000011384487,0.1740999966859817,0.0615999996662139,0.6498000025749207,0.0798000022768974,0.0835999995470047,0.699400007724762
BHG23188.1,Extracellular|Lysosome/Vacuole,Signal peptide,Soluble,0.164000004529953,0.0687000006437301,0.7540000081062317,0.1124999970197677,0.1212000027298927,0.1098999977111816,0.4485000073909759,0.5823000073432922,0.3711000084877014,0.0093000000342726,0.4611000120639801,0.1238999962806701,0.0640999972820282,0.6284999847412109
KFM26047.1,Cytoplasm,Nuclear localization signal|Nuclear export signal,Peripheral|Soluble,0.7741000056266785,0.51910001039505,0.2456000000238418,0.0702999979257583,0.488999992609024,0.0236000008881092,0.1414999961853027,0.165800005197525,0.2515000104904175,0.0023000000510364,0.6668999791145325,0.0719999969005584,0.0324999988079071,0.7098000049591064
XRB08588.1,Extracellular,Signal peptide,Soluble,0.1521999984979629,0.1066000014543533,0.8141999840736389,0.1474000066518783,0.0958999991416931,0.1835000067949295,0.4433999955654144,0.4501999914646148,0.3826000094413757,0.0082999998703598,0.4711000025272369,0.1037999987602233,0.0260000005364418,0.713100016117096
BDA50539.1,Extracellular,Signal peptide,Soluble,0.2301999926567077,0.1176000013947486,0.8741999864578247,0.0844999998807907,0.1154000014066696,0.0089999996125698,0.3549999892711639,0.4555999934673309,0.4266000092029571,0.0165999997407197,0.1930000036954879,0.1076999977231025,0.1044000014662742,0.7771999835968018
XRB08729.1,Extracellular,Signal peptide,Soluble,0.2408999949693679,0.1036999970674514,0.8327000141143799,0.1275999993085861,0.1024999991059303,0.1722999960184097,0.293500006198883,0.2930000126361847,0.3158999979496002,0.0220999997109174,0.4399999976158142,0.3050000071525574,0.0524000003933906,0.5426999926567078
XP_013904959.1,Nucleus,Signal peptide,Soluble,0.3400999903678894,0.4544999897480011,0.2791999876499176,0.0873000025749206,0.0798000022768974,0.0098999999463558,0.3921000063419342,0.2820999920368194,0.0829999968409538,0.1750999987125396,0.507099986076355,0.4257999956607818,0.1834000051021576,0.5248000025749207
BHG20428.1,Plastid,Chloroplast transit peptide,Soluble,0.1370999962091446,0.1008000001311302,0.066600002348423,0.0570000000298023,0.1455000042915344,0.9753000140190125,0.0278999991714954,0.0461000017821788,0.0741000026464462,0.0469000004231929,0.6051999926567078,0.0546999983489513,0.0359000004827976,0.7315999865531921
WP_288102946.1,Nucleus,,Soluble,0.3806999921798706,0.5773000121116638,0.2384999990463256,0.0537000000476837,0.4025000035762787,0.0096000004559755,0.0397000014781951,0.2105000019073486,0.0731000006198883,0.0309999994933605,0.5928000211715698,0.0625,0.0207000002264976,0.6779000163078308
XKU22121.1,Cytoplasm,,Soluble,0.6324999928474426,0.3619999885559082,0.0606999993324279,0.1671999990940094,0.2018000036478042,0.1377999931573867,0.186599999666214,0.2392999976873397,0.2502999901771545,0.1155000030994415,0.5799000263214111,0.0949999988079071,0.0680000036954879,0.6474000215530396
KAA6420704.1,Cytoplasm,Signal peptide,Soluble,0.478300005197525,0.2502000033855438,0.5857999920845032,0.1150999963283538,0.2217999994754791,0.0209999997168779,0.4535999894142151,0.4736000001430511,0.5133000016212463,0.0769999995827674,0.5476999878883362,0.0883999988436698,0.135900005698204,0.7009999752044678
BAW96412.1,Cytoplasm,,Soluble,0.7430999875068665,0.3066000044345855,0.1761000007390976,0.0333999991416931,0.2358999997377395,0.0077999997884035,0.5054000020027161,0.2498999983072281,0.5260000228881836,0.0049999998882412,0.3819999992847442,0.0571000017225742,0.0203000009059906,0.8093000054359436
KAL3152130.1,Plastid,Chloroplast transit peptide,Peripheral|Soluble,0.1307999938726425,0.0983999967575073,0.0348999984562397,0.0795999988913536,0.2142000049352646,0.9731000065803528,0.025399999693036,0.1142000034451484,0.1020999997854232,0.0392000004649162,0.7217000126838684,0.0480000004172325,0.0548000000417232,0.6732000112533569
XP_007508275.1,Nucleus,,Soluble,0.3693999946117401,0.4553999900817871,0.5681999921798706,0.0627999976277351,0.3790999948978424,0.1093999966979026,0.1137999966740608,0.1712000072002411,0.1455000042915344,0.001300000003539,0.3569999933242798,0.0768000036478042,0.0434000007808208,0.7918999791145325
XP_013890555.1,Cytoplasm,Signal peptide,Peripheral|Soluble,0.5112000107765198,0.298799991607666,0.5785999894142151,0.1062000021338462,0.0934000015258789,0.0074999998323619,0.0956000015139579,0.3855000138282776,0.3943000137805938,0.019200000911951,0.6308000087738037,0.094200000166893,0.3560999929904938,0.6554999947547913
XRB04322.1,Extracellular|Lysosome/Vacuole,Signal peptide,Soluble,0.1133000031113624,0.1402000039815902,0.7843999862670898,0.1430999934673309,0.1155999973416328,0.0926999971270561,0.5289999842643738,0.5738000273704529,0.3779000043869018,0.0020999999251216,0.3705999851226806,0.1409000009298324,0.0264999996870756,0.6801000237464905
XRB06736.1,Plastid,Chloroplast transit peptide,Peripheral|Soluble,0.1451999992132187,0.0979999974370002,0.0366000011563301,0.1466999948024749,0.1960999965667724,0.9156000018119812,0.0379999987781047,0.0573000013828277,0.0860999971628189,0.0066999997943639,0.8116999864578247,0.0781999975442886,0.0568999983370304,0.5396000146865845
PSC72195.1,Plastid,Chloroplast transit peptide,Peripheral|Soluble,0.1726000010967254,0.1469999998807907,0.0403999984264373,0.0645999982953071,0.1591999977827072,0.852400004863739,0.0518999993801116,0.0623000003397464,0.125900000333786,0.0709000006318092,0.6287000179290771,0.0710999965667724,0.0516999997198581,0.7236999869346619
DBB03750.1,Cytoplasm|Nucleus,Nuclear localization signal,Soluble,0.5357999801635742,0.5503000020980835,0.0196000002324581,0.18019999563694,0.1595000028610229,0.0131999999284744,0.1004000008106231,0.0276999995112419,0.0571999996900558,0.0003000000142492,0.1896000057458877,0.0649999976158142,0.0834000036120414,0.8485000133514404
WP_075891173.1,Cytoplasm|Nucleus,Nuclear localization signal|Nuclear export signal,Soluble,0.8246999979019165,0.5956000089645386,0.0965000018477439,0.0553999990224838,0.2294999957084655,0.0093000000342726,0.0546000003814697,0.1090999990701675,0.1366000026464462,0.0109999999403953,0.5527999997138977,0.0984999984502792,0.0229000002145767,0.6765000224113464
XP_002501484.1,Extracellular,Signal peptide,Soluble,0.176499992609024,0.1222999989986419,0.9031999707221984,0.1193000003695488,0.1252000033855438,0.0922000035643577,0.2558999955654144,0.202000007033348,0.2196000069379806,0.0138999996706843,0.5358999967575073,0.099600002169609,0.0152000002562999,0.6557999849319458
KAL4853527.1,Plastid,Chloroplast transit peptide,Peripheral|Soluble,0.0939999967813491,0.0908999964594841,0.0524000003933906,0.1307000070810318,0.1691000014543533,0.9350000023841858,0.0211999993771314,0.0582000017166137,0.1005999967455864,0.0035999999381601,0.7293999791145325,0.0302000008523464,0.0278999991714954,0.7138000130653381
BDA49347.1,Cytoplasm,,Soluble,0.6068000197410583,0.3319999873638153,0.5579000115394592,0.158500000834465,0.271699994802475,0.2111999988555908,0.0820000022649765,0.0898000001907348,0.1477999985218048,0.0142999999225139,0.5622000098228455,0.0216000005602836,0.0851999968290329,0.7900999784469604
PRW33763.1,Cytoplasm,,Soluble,0.5070000290870667,0.3267000019550323,0.1482000052928924,0.1762000024318695,0.3673999905586242,0.1834000051021576,0.2116000056266784,0.0509999990463256,0.2671000063419342,0.0335999988019466,0.6053000092506409,0.0522000007331371,0.1253000050783157,0.7494999766349792
DBA75588.1,Cytoplasm|Nucleus,Nuclear localization signal,Soluble,0.5001000165939331,0.5942000150680542,0.0216000005602836,0.1589999943971634,0.1914999932050705,0.0113000003620982,0.1070000007748603,0.0394000001251697,0.0524999983608722,0.0005000000237487,0.2071000039577484,0.0749000012874603,0.1058999970555305,0.8375999927520752
WPT14713.1,Lysosome/Vacuole,Signal peptide,Transmembrane,0.1677999943494796,0.121299996972084,0.4167999923229217,0.26460000872612,0.1081999987363815,0.0531000010669231,0.5156999826431274,0.5432000160217285,0.3950999975204468,0.0049999998882412,0.0526000000536441,0.9833999872207642,0.1191999986767768,0.2075999975204467
KAA6429366.1,Lysosome/Vacuole|Golgi apparatus,Signal peptide|Transmembrane domain,Transmembrane,0.25,0.1678999960422516,0.2090000063180923,0.2178999930620193,0.1914999932050705,0.0226000007241964,0.4930999875068664,0.6399999856948853,0.8325999975204468,0.0753000006079673,0.1797000020742416,0.8909000158309937,0.0807000026106834,0.2640999853610992
OKH33961.1,Cytoplasm,,Soluble,0.6967999935150146,0.3855000138282776,0.017400000244379,0.0631999969482421,0.0816000029444694,0.0032999999821186,0.303299993276596,0.1265999972820282,0.2434999942779541,0.0443000011146068,0.4964999854564667,0.2700999975204468,0.0220999997109174,0.5733000040054321
GAB1853673.1,Cytoplasm,,Peripheral,0.262800008058548,0.1780000030994415,0.4110000133514404,0.0710000023245811,0.2750999927520752,0.2162999957799911,0.1456000059843063,0.2060000002384185,0.3079999983310699,0.0502000004053115,0.8084999918937683,0.1747000068426132,0.0507999993860721,0.435699999332428
KAH7619827.1,Cytoplasm,,Soluble,0.6054999828338623,0.2206999957561493,0.1463000029325485,0.1580999940633773,0.1521999984979629,0.0461000017821788,0.1300999969244003,0.4498000144958496,0.2419999986886978,0.0238000005483627,0.5760999917984009,0.1015999987721443,0.025900000706315,0.6877999901771545
PRW20636.1,Cytoplasm,,Peripheral|Soluble,0.6237000226974487,0.2321999967098236,0.0675999969244003,0.1925999969244003,0.2425999939441681,0.015599999576807,0.201100006699562,0.2949999868869781,0.4726999998092651,0.0132999997586011,0.7515000104904175,0.0780000016093254,0.1243000030517578,0.6643000245094299
GAB5030344.1,Lysosome/Vacuole,Signal peptide,Transmembrane,0.1968999952077865,0.13230000436306,0.4787999987602234,0.2437999993562698,0.1492999941110611,0.120399996638298,0.5676000118255615,0.5787000060081482,0.6410999894142151,0.0284000001847744,0.2937000095844269,0.8697999715805054,0.0432000011205673,0.2280000001192093
KAH7621226.1,Cytoplasm,Signal peptide,Soluble,0.4257999956607818,0.3016999959945678,0.5024999976158142,0.1111999973654747,0.1710000038146972,0.0190999992191791,0.2824000120162964,0.2073000073432922,0.3643999993801117,0.0220999997109174,0.4914000034332275,0.1509000062942505,0.0922000035643577,0.6545000076293945
KAL3150549.1,Plastid,Chloroplast transit peptide,Peripheral|Soluble,0.1360000073909759,0.0763999968767166,0.0297999996691942,0.1361999958753585,0.3118000030517578,0.9854000210762024,0.0392000004649162,0.0458000004291534,0.1234999969601631,0.0436000004410743,0.7063999772071838,0.0588000006973743,0.0663999989628791,0.6852999925613403
BHG23903.1,Plastid,Chloroplast transit peptide,Peripheral|Soluble,0.1765999943017959,0.1481000036001205,0.0280000008642673,0.0636000037193298,0.3064999878406524,0.8916000127792358,0.0351999998092651,0.0742999985814094,0.178299993276596,0.0693999975919723,0.6499999761581421,0.0759999975562095,0.0715000033378601,0.7114999890327454
KAA6426316.1,Plastid,Chloroplast transit peptide,Peripheral|Soluble,0.1539999991655349,0.1155999973416328,0.0313999988138675,0.0907000005245208,0.1996999979019165,0.9610999822616576,0.0287999995052814,0.0696000009775161,0.0935999974608421,0.0434000007808208,0.6333000063896179,0.0639000013470649,0.050500001758337,0.7225000262260437
DBB10077.1,Plastid,Chloroplast transit peptide,Peripheral|Soluble,0.094200000166893,0.096000000834465,0.031599998474121,0.0952999964356422,0.1336999982595443,0.9847999811172484,0.013600000180304,0.0417000018060207,0.065200001001358,0.0227000005543231,0.6960999965667725,0.0483000017702579,0.049100000411272,0.6578999757766724
GAB5030396.1,Cytoplasm,,Soluble,0.5738000273704529,0.3456000089645386,0.3689000010490417,0.1362999975681305,0.1765999943017959,0.0392999984323978,0.2432000041007995,0.1913000047206878,0.0939999967813491,0.0342000015079975,0.5584999918937683,0.0785999968647956,0.0469000004231929,0.6675999760627747
XP_003064740.1,Cytoplasm,Nuclear localization signal,Soluble,0.6248000264167786,0.3991000056266784,0.3305000066757202,0.2203000038862228,0.1115999966859817,0.1761000007390976,0.0683000013232231,0.0935000032186508,0.1349000036716461,0.00179999996908,0.5699999928474426,0.0524000003933906,0.0295000001788139,0.7567999958992004
KAG7359185.1,Lysosome/Vacuole|Golgi apparatus,Signal peptide,Transmembrane,0.2066999971866607,0.1592999994754791,0.1824000030755996,0.1811999976634979,0.0970000028610229,0.0251000002026557,0.4799999892711639,0.7773000001907349,0.6847000122070312,0.0983999967575073,0.2083999961614608,0.9527999758720398,0.0403000004589557,0.1650999933481216
XP_007508214.1,Cytoplasm|Extracellular,,Peripheral|Soluble,0.5246999859809875,0.3280999958515167,0.8435999751091003,0.1111999973654747,0.3312000036239624,0.1817999929189682,0.0430999994277954,0.1991000026464462,0.4047999978065491,0.0152000002562999,0.6499999761581421,0.0307000000029802,0.0427000001072883,0.7932999730110168
KOO29391.1,Golgi apparatus,Signal peptide|Transmembrane domain,Transmembrane,0.4049000144004822,0.145699992775917,0.2231999933719635,0.2795000076293945,0.1706999987363815,0.0520999990403652,0.5656999945640564,0.4979000091552734,0.6527000069618225,0.017400000244379,0.2635999917984009,0.9469000101089478,0.2515000104904175,0.1808999925851822
OLP90445.1,Cell membrane,Signal peptide|Transmembrane domain,Transmembrane,0.1816000044345855,0.120899997651577,0.0667999982833862,0.5562000274658203,0.2852999866008758,0.0340999998152256,0.5306000113487244,0.5289999842643738,0.5871000289916992,0.0076999999582767,0.0750999972224235,0.9828000068664552,0.0419999994337558,0.2179999947547912
WPT17183.1,Cytoplasm,,Soluble,0.6204000115394592,0.3217999935150146,0.0785999968647956,0.0876000002026557,0.2150000035762787,0.1292999982833862,0.1550000011920929,0.3217999935150146,0.3199000060558319,0.0472000017762184,0.5073000192642212,0.0882999971508979,0.0322999991476535,0.7330999970436096
AFQ23661.1,Endoplasmic reticulum,Transmembrane domain,Transmembrane,0.2308000028133392,0.1965000033378601,0.0226000007241964,0.1867000013589859,0.2696000039577484,0.0200999993830919,0.8317999839782715,0.1965000033378601,0.1562000066041946,0.0054999999701976,0.3508999943733215,0.9002000093460083,0.05180000141263,0.1900999993085861
DBB17010.1,Plastid,Chloroplast transit peptide,Peripheral|Soluble,0.1216999962925911,0.1333999931812286,0.0401999987661838,0.0835999995470047,0.1821999996900558,0.9492999911308287,0.0247000008821487,0.1142999976873397,0.0914999991655349,0.0741000026464462,0.6973000168800354,0.0899000018835067,0.0535999983549118,0.6280999779701233
OLQ13648.1,Plastid,,Peripheral,0.0904000028967857,0.0819000005722045,0.092799998819828,0.0498000010848045,0.5049999952316284,0.9444000124931335,0.0639000013470649,0.0724999979138374,0.1733999997377395,0.1209999993443489,0.7786999940872192,0.1670999974012375,0.1270000040531158,0.4465999901294708
OLP94793.1,Cytoplasm,,Soluble,0.646399974822998,0.4386000037193298,0.1967999935150146,0.0975999981164932,0.1200999990105629,0.0649000033736229,0.2386000007390976,0.4347999989986419,0.3734999895095825,0.0869000032544136,0.5009999871253967,0.1914000064134597,0.0888999998569488,0.7432000041007996
WP_073593054.1,Cytoplasm|Nucleus,Nuclear localization signal|Nuclear export signal,Soluble,0.8148000240325928,0.6699000000953674,0.0984999984502792,0.0522999987006187,0.2075999975204467,0.0116999996826052,0.0746000036597251,0.1351999938488006,0.1374000012874603,0.0082999998703598,0.4661999940872192,0.0790999978780746,0.0198999997228384,0.7347000241279602
ADG63074.1,Extracellular,Signal peptide,Soluble,0.1084999963641166,0.0614000000059604,0.9071000218391418,0.1048000007867813,0.1416999995708465,0.0577999986708164,0.2414000034332275,0.3285000026226043,0.2258999943733215,0.0073000001721084,0.292600005865097,0.0238000005483627,0.0421000011265277,0.8733000159263611
UPR01057.1,Extracellular|Lysosome/Vacuole,Signal peptide,Soluble,0.2204000055789947,0.1284999996423721,0.6568999886512756,0.1653999984264373,0.1527999937534332,0.4966000020503998,0.255400002002716,0.5782999992370605,0.3057999908924103,0.1492999941110611,0.5665000081062317,0.0776000022888183,0.0549000017344951,0.7102000117301941
XP_007515072.1,Cytoplasm,,Soluble,0.5051000118255615,0.2854999899864197,0.1207000017166137,0.1362999975681305,0.2061000019311905,0.069700002670288,0.2052000015974044,0.225500002503395,0.2213999927043914,0.0104999998584389,0.6144000291824341,0.0681999996304512,0.0199999995529651,0.6916000247001648
XRA99875.1,Plastid,Chloroplast transit peptide,Peripheral|Soluble,0.1256999969482422,0.1325999945402145,0.0631000027060508,0.0962999984622001,0.2481999993324279,0.852400004863739,0.0331999994814395,0.0436000004410743,0.1018999963998794,0.0171000007539987,0.6428999900817871,0.0856000036001205,0.0307000000029802,0.6554999947547913
WP_073595556.1,Cytoplasm|Nucleus,Nuclear localization signal|Nuclear export signal,Soluble,0.7246999740600586,0.5641999840736389,0.1289000064134597,0.0522999987006187,0.2012999951839447,0.0133999995887279,0.0759000033140182,0.1732999980449676,0.0979000031948089,0.003000000026077,0.5450999736785889,0.0872000008821487,0.0156999994069337,0.6944000124931335
KAL4855967.1,Plastid,Chloroplast transit peptide,Soluble,0.1548999994993209,0.092299997806549,0.0948000028729438,0.2146999984979629,0.3018999993801117,0.7789000272750854,0.0164000000804662,0.0816000029444694,0.1270000040531158,0.1733999997377395,0.605400025844574,0.0940999984741211,0.070200003683567,0.7128999829292297
KFM23987.1,Cytoplasm,,Soluble,0.6546000242233276,0.1915999948978424,0.1412000060081482,0.1032000035047531,0.1668999940156936,0.032600000500679,0.1638000011444091,0.155799999833107,0.5604000091552734,0.0208999998867511,0.5557000041007996,0.1682000011205673,0.050500001758337,0.6348000168800354
KAG7369848.1,Lysosome/Vacuole,Transmembrane domain,Transmembrane,0.4036999940872192,0.2793000042438507,0.0604000017046928,0.1812999993562698,0.4230999946594238,0.0263999998569488,0.4670000076293945,0.7523999810218811,0.560699999332428,0.0438000001013278,0.2508000135421753,0.9739999771118164,0.1814000010490417,0.1447000056505203
KAK3264264.1,Cytoplasm,Chloroplast transit peptide,Soluble,0.5090000033378601,0.1789000034332275,0.1842000037431717,0.1765999943017959,0.1583999991416931,0.5045999884605408,0.088699996471405,0.1456000059843063,0.273499995470047,0.2576999962329864,0.550000011920929,0.0888999998569488,0.0649000033736229,0.7218000292778015
DBA79186.1,Plastid,Chloroplast transit peptide,Peripheral|Soluble,0.1477999985218048,0.1032000035047531,0.0351999998092651,0.1222999989986419,0.2903999984264374,0.9836999773979188,0.0324000008404254,0.0337000004947185,0.1014999970793724,0.024100000038743,0.7139000296592712,0.065600000321865,0.065600000321865,0.6696000099182129
GAX10427.1,Endoplasmic reticulum|Lysosome/Vacuole,Signal peptide|Transmembrane domain,Transmembrane,0.3655999898910522,0.25450000166893,0.164000004529953,0.2216999977827072,0.3571999967098236,0.0617999993264675,0.6567000150680542,0.5860999822616577,0.4469000101089477,0.0775000005960464,0.2599000036716461,0.9495999813079834,0.1537999957799911,0.1909999996423721
GAB1853501.1,Cytoplasm,Signal peptide,Soluble,0.5792999863624573,0.1088000014424324,0.3767000138759613,0.2340999990701675,0.2633000016212463,0.0763999968767166,0.134100005030632,0.2085999995470047,0.5870000123977661,0.0062000001780688,0.5286999940872192,0.1229000017046928,0.0372000001370906,0.6944000124931335
CAK8993239.1,Extracellular,Signal peptide,Soluble,0.231000006198883,0.1764000058174133,0.8141999840736389,0.2897999882698059,0.1243000030517578,0.0142999999225139,0.1546999961137771,0.1536000072956085,0.2687000036239624,0.0097000002861022,0.4801999926567077,0.2558000087738037,0.12950000166893,0.6696000099182129
OEU13322.1,Extracellular,Signal peptide,Soluble,0.2137999981641769,0.1402000039815902,0.7233999967575073,0.1914000064134597,0.098700001835823,0.0626000016927719,0.4959000051021576,0.4090999960899353,0.3007999956607818,0.0055999998003244,0.2989999949932098,0.2703999876976013,0.0452000014483928,0.6064000129699707
XRB09916.1,Cytoplasm|Nucleus,,Peripheral|Soluble,0.6654000282287598,0.5443000197410583,0.0768999978899955,0.0153000000864267,0.5849999785423279,0.2424000054597854,0.1423999965190887,0.3233999907970428,0.1845999956130981,0.016499999910593,0.6388999819755554,0.0274999998509883,0.0502000004053115,0.7800999879837036
CAK9070256.1,Golgi apparatus,Signal peptide|Transmembrane domain,Transmembrane,0.2370000034570694,0.1491000056266784,0.137700006365776,0.3513000011444092,0.2800000011920929,0.0414000004529953,0.6061999797821045,0.4458000063896179,0.8151999711990356,0.0040000001899898,0.0732000023126602,0.9843999743461608,0.0326999984681606,0.1949000060558319
XRB08437.1,Extracellular,Signal peptide,Soluble,0.148399993777275,0.0549000017344951,0.9114999771118164,0.2858999967575073,0.0606999993324279,0.336899995803833,0.3849999904632568,0.4147000014781952,0.3388000130653381,0.0010999999940395,0.3325999975204468,0.052700001746416,0.0288999993354082,0.8212000131607056
KAL4853076.1,Cytoplasm,,Soluble,0.5289999842643738,0.3093999922275543,0.3835000097751617,0.2466000020503997,0.2818000018596649,0.2696000039577484,0.0975999981164932,0.1368999928236007,0.2428999990224838,0.1412000060081482,0.5720999836921692,0.0881000012159347,0.096900001168251,0.7328000068664551
KAG7369963.1,Lysosome/Vacuole,Signal peptide|Transmembrane domain,Transmembrane,0.2169999927282333,0.1652999967336654,0.2275999933481216,0.3402999937534332,0.1782000064849853,0.0281000006943941,0.4483000040054321,0.6858999729156494,0.6640999913215637,0.1225000023841857,0.1261000037193298,0.9657999873161316,0.2011999934911728,0.1508000046014785
PSC69053.1,Cytoplasm,Signal peptide,Soluble,0.6065000295639038,0.2533999979496002,0.2208999991416931,0.101000003516674,0.3068000078201294,0.0632999986410141,0.18469999730587,0.3858000040054321,0.3431999981403351,0.0194000005722045,0.6110000014305115,0.0372000001370906,0.0590000003576278,0.7616999745368958
XP_013893412.1,Extracellular,Signal peptide,Transmembrane,0.2185000032186508,0.0961000025272369,0.5408999919891357,0.2930999994277954,0.1351999938488006,0.1279000043869018,0.4126000106334686,0.4350999891757965,0.3091999888420105,0.0031999999191612,0.147499993443489,0.9614999890327454,0.0627999976277351,0.185599997639656
BDA49137.1,Cytoplasm,Nuclear export signal,Peripheral|Soluble,0.7056000232696533,0.3774999976158142,0.152999997138977,0.0835999995470047,0.3172999918460846,0.0680000036954879,0.1158000007271766,0.4287999868392944,0.3490000069141388,0.0326999984681606,0.680899977684021,0.0588000006973743,0.092299997806549,0.6729999780654907
KAL6754056.1,Cytoplasm,,Soluble,0.6571000218391418,0.3052000105381012,0.1392000019550323,0.0890000015497207,0.2284000068902969,0.0775000005960464,0.0727000012993812,0.4805000126361847,0.2542000114917755,0.1260000020265579,0.5317999720573425,0.0846000015735626,0.061999998986721,0.7501999735832214
AID23544.1,Cytoplasm,Signal peptide,Soluble,0.4718999862670898,0.4758000075817108,0.5483999848365784,0.2090000063180923,0.5378000140190125,0.0469000004231929,0.2628999948501587,0.3540999889373779,0.3091999888420105,0.0579999983310699,0.4544999897480011,0.5196999907493591,0.1967000067234039,0.5555999875068665
EWM22566.1,Extracellular,Signal peptide,Soluble,0.3398999869823456,0.4727999866008758,0.7768999934196472,0.048599999397993,0.1981000006198883,0.0737000033259391,0.4079999923706054,0.1720000058412552,0.2363000065088272,0.0291000008583068,0.4309999942779541,0.0271000005304813,0.0571000017225742,0.8245999813079834
TVP65705.1,Cytoplasm,Peroxisomal targeting signal,Soluble,0.5609999895095825,0.3549000024795532,0.0193000007420778,0.0434999987483024,0.1072999984025955,0.0035000001080334,0.3328999876976013,0.1116999983787536,0.1598999947309494,0.3695999979972839,0.4966000020503998,0.303600013256073,0.0204000007361173,0.5590000152587891
CAB9529490.1,Extracellular,Signal peptide,Soluble,0.1115999966859817,0.1120000034570694,0.9045000076293944,0.163100004196167,0.1535000056028366,0.0390999987721443,0.4598999917507171,0.4379000067710876,0.3576000034809112,0.0043000001460313,0.4787999987602234,0.1119000017642974,0.0582999996840953,0.6498000025749207
KAH7621224.1,Endoplasmic reticulum,Signal peptide,Soluble,0.188400000333786,0.1571000069379806,0.5792999863624573,0.1379999965429306,0.0612999983131885,0.2321999967098236,0.5734999775886536,0.4160999953746795,0.326799988746643,0.0082999998703598,0.399399995803833,0.1666000038385391,0.0456000007688999,0.6769000291824341
KAL3157728.1,Cytoplasm,Nuclear localization signal,Soluble,0.5598000288009644,0.4571000039577484,0.4507000148296356,0.0674000009894371,0.0432999990880489,0.0925000011920929,0.0754000023007392,0.0860000029206276,0.1495999991893768,0.0066999997943639,0.567300021648407,0.0595000013709068,0.0318999998271465,0.7445999979972839
KOO30034.1,Extracellular|Lysosome/Vacuole,Signal peptide,Soluble,0.2608000040054321,0.1128999963402748,0.8043000102043152,0.1735000014305114,0.1307999938726425,0.0882000029087066,0.4311999976634979,0.5712000131607056,0.2836999893188476,0.0057000000961124,0.3113000094890594,0.0785999968647956,0.0478000007569789,0.7333999872207642
PNH10399.1,Cytoplasm,Signal peptide,Soluble,0.6442999839782715,0.2052000015974044,0.358599990606308,0.1555999964475631,0.2211000025272369,0.045499999076128,0.2860000133514404,0.4652999937534332,0.5127000212669373,0.0190999992191791,0.5482000112533569,0.1444000005722046,0.1366000026464462,0.6730999946594238
XP_013897459.1,Cytoplasm,,Peripheral|Soluble,0.7738999724388123,0.4638999998569488,0.12219999730587,0.1027000024914741,0.4792999923229217,0.1230000033974647,0.1468999981880188,0.1500999927520752,0.0737000033259391,0.0113000003620982,0.6759999990463257,0.0212999992072582,0.0256999991834163,0.8152999877929688
PRW33560.1,Cytoplasm,,Soluble,0.6302000284194946,0.2799000144004822,0.3882000148296356,0.2720000147819519,0.4117999970912933,0.1570000052452087,0.0822999998927116,0.150299996137619,0.3424000144004822,0.0285999998450279,0.5378999710083008,0.0627000033855438,0.0687000006437301,0.7990000247955322
JAC71768.1,Extracellular,Signal peptide,Soluble,0.1662999987602234,0.1115000024437904,0.8090999722480774,0.1831000000238418,0.1094999983906745,0.0627000033855438,0.2870999872684479,0.3212999999523163,0.3151000142097473,0.0167999994009733,0.3174999952316284,0.1537999957799911,0.062899999320507,0.6983000040054321
KOO53394.1,Extracellular,Signal peptide,Peripheral|Soluble,0.3519999980926513,0.4521999955177307,0.6876999735832214,0.0754000023007392,0.0790000036358833,0.0234999991953372,0.0996999964118003,0.1471000015735626,0.3817000091075897,0.017400000244379,0.6650999784469604,0.065600000321865,0.0384999997913837,0.6980999708175659
WP_192160250.1,Cytoplasm|Nucleus,Nuclear localization signal|Nuclear export signal,Soluble,0.7876999974250793,0.6424000263214111,0.0771000012755394,0.0531999990344047,0.2076999992132187,0.0121999997645616,0.0690999999642372,0.2494000047445297,0.1700000017881393,0.0153000000864267,0.5180000066757202,0.0780000016093254,0.0237000007182359,0.7329999804496765
XRB25334.1,Cytoplasm|Nucleus,,Peripheral|Soluble,0.6740999817848206,0.5408999919891357,0.0832000002264976,0.0157999992370605,0.578499972820282,0.2644000053405761,0.1331000030040741,0.3113999962806701,0.1756000071763992,0.0143999997526407,0.6499000191688538,0.0270000007003545,0.0469999983906745,0.7778000235557556
KAF5827053.1,Plastid,Chloroplast transit peptide,Peripheral|Soluble,0.1559000015258789,0.1467999964952469,0.0381000004708766,0.1017000004649162,0.2689000070095062,0.9205999970436096,0.0549000017344951,0.0608000010251998,0.095499999821186,0.0436000004410743,0.632099986076355,0.0813999995589256,0.0631999969482421,0.6940000057220459
DBA81312.1,Cytoplasm,,Peripheral|Soluble,0.6093000173568726,0.3192999958992004,0.3073000013828277,0.0979000031948089,0.1345999985933303,0.0366999991238117,0.0888999998569488,0.2232999950647354,0.1841000020503997,0.1495999991893768,0.6424999833106995,0.1579000055789947,0.0742999985814094,0.6133000254631042
GAX10312.1,Mitochondrion,Mitochondrial transit peptide,Transmembrane,0.2029000073671341,0.2377000004053115,0.1377999931573867,0.1515000015497207,0.7908999919891357,0.3206999897956848,0.3756999969482422,0.2971999943256378,0.1788000017404556,0.2736000120639801,0.6162999868392944,0.8967000246047974,0.1141000017523765,0.1156999990344047
CAK9015120.1,Cytoplasm,Signal peptide,Soluble,0.4528000056743622,0.3693999946117401,0.4262000024318695,0.2351000010967254,0.1360000073909759,0.0221999995410442,0.2026000022888183,0.2587999999523163,0.169400006532669,0.0120000001043081,0.3483000099658966,0.1238000020384788,0.1014999970793724,0.7926999926567078
KAF5832548.1,Cytoplasm,,Peripheral|Soluble,0.6011999845504761,0.3097999989986419,0.4465999901294708,0.218299999833107,0.2601000070571899,0.2469999939203262,0.048700001090765,0.2393999993801117,0.2234999984502792,0.1242000013589859,0.6248999834060669,0.0601000003516674,0.0857999995350837,0.701200008392334
DBA81833.1,Plastid,Chloroplast transit peptide,Peripheral|Soluble,0.1023999974131584,0.1098000034689903,0.0529999993741512,0.1327999979257583,0.1190999969840049,0.9314000010490416,0.0247000008821487,0.0989999994635582,0.0935999974608421,0.0421000011265277,0.6923999786376953,0.045899998396635,0.0626000016927719,0.6689000129699707
DBA99853.1,Mitochondrion,Mitochondrial transit peptide,Peripheral|Soluble,0.1985999941825866,0.1386999934911728,0.1774999946355819,0.0784000009298324,0.8084999918937683,0.0961000025272369,0.0548000000417232,0.1067999973893165,0.1380999982357025,0.2117000073194503,0.6323999762535095,0.1331000030040741,0.0685999989509582,0.5820000171661377
WPT15372.1,Plastid,Chloroplast transit peptide,Peripheral|Soluble,0.1196999996900558,0.1048000007867813,0.0388999991118907,0.1661999970674514,0.2741999924182892,0.979099988937378,0.0491999983787536,0.0529999993741512,0.0672999992966651,0.0210999995470047,0.708899974822998,0.0905999988317489,0.0434999987483024,0.6353999972343445
CAK9037111.1,Cytoplasm,,Soluble,0.6033999919891357,0.4298999905586242,0.3023000061511993,0.1071999967098236,0.2338999956846237,0.0608999989926815,0.1238000020384788,0.3361999988555908,0.1829999983310699,0.0255999993532896,0.6141999959945679,0.1220000013709068,0.0718000009655952,0.7324000000953674
GAB7157530.1,Golgi apparatus,Signal peptide|Transmembrane domain,Transmembrane,0.2056999951601028,0.202000007033348,0.356000006198883,0.2113000005483627,0.164000004529953,0.0096000004559755,0.5439000129699707,0.2179999947547912,0.7383999824523926,0.0074000000022351,0.2205999940633773,0.9052000045776368,0.0280000008642673,0.2224999964237213
WP_084555330.1,Cytoplasm|Nucleus,Nuclear localization signal,Soluble,0.6560999751091003,0.6901999711990356,0.1831000000238418,0.1641999930143356,0.2073999941349029,0.006800000090152,0.0883999988436698,0.1084000021219253,0.0785999968647956,0.0028999999631196,0.5812000036239624,0.0819000005722045,0.0346999987959861,0.6425999999046326
KAI8471662.1,Extracellular,,Peripheral|Soluble,0.441100001335144,0.2320999950170517,0.6528000235557556,0.245399996638298,0.4271000027656555,0.338699996471405,0.0974999964237213,0.3483000099658966,0.2496999949216842,0.2994999885559082,0.7932000160217285,0.0489000007510185,0.1140000000596046,0.5691999793052673
XRB14872.1,Plastid,Chloroplast transit peptide,Peripheral|Soluble,0.1307000070810318,0.1287000030279159,0.0778999999165535,0.0974999964237213,0.257999986410141,0.8525000214576721,0.032600000500679,0.0430000014603138,0.1102999970316886,0.0185000002384185,0.6563000082969666,0.0890000015497207,0.0307000000029802,0.6470000147819519
KAG7369184.1,Lysosome/Vacuole,Signal peptide|Transmembrane domain,Transmembrane,0.2084999978542328,0.1661999970674514,0.2982000112533569,0.3224999904632568,0.2108000069856643,0.031700000166893,0.3231000006198883,0.5449000000953674,0.5537999868392944,0.1398999989032745,0.1509000062942505,0.9681000113487244,0.1787000000476837,0.1405999958515167
ADG63073.1,Extracellular,Signal peptide,Soluble,0.1145000010728836,0.070200003683567,0.9262999892234802,0.1494999974966049,0.1263000071048736,0.1491000056266784,0.1623000055551529,0.4212999939918518,0.2712999880313873,0.0083999997004866,0.4514000117778778,0.0238000005483627,0.0417999997735023,0.853600025177002
KAF6259533.1,Cytoplasm,,Soluble,0.5623000264167786,0.2399999946355819,0.5187000036239624,0.2745999991893768,0.1553000062704086,0.0610000006854534,0.0956000015139579,0.2034000009298324,0.1835000067949295,0.0276999995112419,0.6003000140190125,0.0276999995112419,0.064699999988079,0.7796000242233276
PSC67692.1,Extracellular,Signal peptide,Soluble,0.1377999931573867,0.0711999982595443,0.7407000064849854,0.3441999852657318,0.1545999944210052,0.0452000014483928,0.5432999730110168,0.5040000081062317,0.5266000032424927,0.0129000004380941,0.4873999953269958,0.09009999781847,0.0802000015974044,0.6873000264167786
JAC82575.1,Cytoplasm,,Soluble,0.5454000234603882,0.4284000098705292,0.2551000118255615,0.0185000002384185,0.4065999984741211,0.0140000004321336,0.1124000027775764,0.1541000008583068,0.0970000028610229,0.0044999998062849,0.4384999871253967,0.2437999993562698,0.0546999983489513,0.6590999960899353
KAK1738285.1,Cytoplasm,,Peripheral,0.4239999949932098,0.2475000023841858,0.1464000046253204,0.1732999980449676,0.3461000025272369,0.2043000012636184,0.231900006532669,0.3481000065803528,0.3652999997138977,0.0186000000685453,0.7250999808311462,0.1645999997854232,0.1062999963760376,0.4183999896049499
PNH02836.1,Cytoplasm,,Soluble,0.7289999723434448,0.2463999986648559,0.0780000016093254,0.3695000112056732,0.1348000019788742,0.0132999997586011,0.1057000011205673,0.1647000014781952,0.1820999979972839,0.0186000000685453,0.5807999968528748,0.1115999966859817,0.0419999994337558,0.7214999794960022
KAK3276583.1,Plastid,Chloroplast transit peptide,Transmembrane,0.3084999918937683,0.2502999901771545,0.2998999953269958,0.1779000014066696,0.538100004196167,0.7239000201225281,0.1598999947309494,0.2949000000953674,0.1429000049829483,0.2222999930381775,0.4027999937534332,0.8873000144958496,0.1115000024437904,0.1789000034332275
OUS43913.1,Cytoplasm,,Soluble,0.7391999959945679,0.3330000042915344,0.0414000004529953,0.1284999996423721,0.4167999923229217,0.0588000006973743,0.1058000028133392,0.1924999952316284,0.1120000034570694,0.0032999999821186,0.58160001039505,0.0228000003844499,0.0324999988079071,0.79339998960495
WP_449000246.1,Cytoplasm,,Soluble,0.8400999903678894,0.4142999947071075,0.1415999978780746,0.0282000005245208,0.2777999937534332,0.0625,0.0745000019669532,0.2723999917507171,0.1905000060796737,0.0240000002086162,0.4866000115871429,0.0916000008583068,0.0245999991893768,0.6972000002861023
OLP98527.1,Cytoplasm,Nuclear localization signal,Peripheral|Soluble,0.6414999961853027,0.5163000226020813,0.210099995136261,0.1033999994397163,0.2400999963283538,0.0562999993562698,0.1365000009536743,0.2248000055551529,0.2096000015735626,0.0093000000342726,0.6722999811172485,0.047699999064207,0.0320999994874,0.7886000275611877
OKH19284.1,Cytoplasm,,Soluble,0.7027999758720398,0.3450999855995178,0.0450999997556209,0.0544000007212162,0.1289000064134597,0.0068999999202787,0.2874999940395355,0.1138999983668327,0.2533000111579895,0.0098999999463558,0.574999988079071,0.1924999952316284,0.032999999821186,0.5909000039100647
KFM23057.1,Endoplasmic reticulum|Lysosome/Vacuole,Signal peptide|Transmembrane domain,Transmembrane,0.3000000119209289,0.1914000064134597,0.1537999957799911,0.3158999979496002,0.191100001335144,0.0441999994218349,0.7089999914169312,0.5864999890327454,0.5861999988555908,0.050000000745058,0.2531000077724457,0.9664999842643738,0.296099990606308,0.1243000030517578
BBJ25296.1,Cytoplasm,,Soluble,0.6017000079154968,0.2937000095844269,0.1548999994993209,0.168500006198883,0.1510999947786331,0.0870999991893768,0.1098999977111816,0.3610999882221222,0.277999997138977,0.2401999980211258,0.5824000239372253,0.1045999974012374,0.0564000010490417,0.7091000080108643
CAK8998252.1,Endoplasmic reticulum,Signal peptide|Transmembrane domain,Transmembrane,0.3181999921798706,0.2236000001430511,0.0681999996304512,0.2876999974250793,0.2691999971866607,0.0346999987959861,0.7710000276565552,0.4083000123500824,0.6492999792098999,0.0991000011563301,0.3199000060558319,0.8745999932289124,0.2328999936580658,0.2294999957084655
GAB5029536.1,Cytoplasm|Extracellular,,Peripheral|Soluble,0.6104000210762024,0.440200001001358,0.6656000018119812,0.3154000043869018,0.12219999730587,0.0221999995410442,0.0711999982595443,0.0914999991655349,0.0741000026464462,0.0041000000201165,0.6690999865531921,0.0232999995350837,0.0242999996989965,0.7979000210762024
CAB9510556.1,Lysosome/Vacuole,,Transmembrane,0.3790999948978424,0.3339000046253204,0.1052000001072883,0.1996999979019165,0.1647000014781952,0.099600002169609,0.4505000114440918,0.5202000141143799,0.4034999907016754,0.0401000007987022,0.2781000137329101,0.9649999737739564,0.0428999997675418,0.1460999995470047
XRB14524.1,Nucleus,Nuclear localization signal,Peripheral|Soluble,0.3833999931812286,0.4846999943256378,0.1527999937534332,0.0372000001370906,0.2714999914169311,0.0734999999403953,0.0816999971866607,0.0984999984502792,0.3980999886989593,0.00179999996908,0.6547999978065491,0.0874999985098838,0.0326999984681606,0.6843000054359436
KAK3276584.1,Plastid,Chloroplast transit peptide,Transmembrane,0.3109000027179718,0.2556000053882599,0.2973000109195709,0.1702000051736831,0.5317000150680542,0.7186999917030334,0.1573999971151352,0.2957000136375427,0.1455000042915344,0.2143999934196472,0.3925999999046325,0.8866999745368958,0.1084999963641166,0.1825000047683715
DBB12755.1,Cytoplasm,,Soluble,0.5695000290870667,0.4458000063896179,0.2413000017404556,0.197500005364418,0.2858000099658966,0.0340000018477439,0.1335999965667724,0.2011999934911728,0.1499000042676925,0.0156999994069337,0.4762000143527984,0.0703999996185302,0.1010999977588653,0.8276000022888184
KAK1741644.1,Cytoplasm,,Soluble,0.642300009727478,0.5151000022888184,0.3734000027179718,0.1067999973893165,0.0841000005602836,0.031700000166893,0.2383999973535537,0.0653000026941299,0.0353999994695186,0.0057000000961124,0.3801000118255615,0.0957000032067298,0.015599999576807,0.7145000100135803
XP_013902304.1,Extracellular,Signal peptide,Soluble,0.2795000076293945,0.1014999970793724,0.8716999888420105,0.1844999939203262,0.1371999979019165,0.0513000003993511,0.0784000009298324,0.1991000026464462,0.0557999983429908,0.0044999998062849,0.2578999996185303,0.0617000013589859,0.0703999996185302,0.7814000248908997
KAF8064504.1,Cytoplasm,Signal peptide,Peripheral,0.2845999896526336,0.2675999999046325,0.2845999896526336,0.2300000041723251,0.267300009727478,0.0562999993562698,0.1369999945163726,0.1019999980926513,0.1439999938011169,0.0297999996691942,0.8036999702453613,0.1289000064134597,0.045899998396635,0.4611999988555908
XP_013901318.1,Cytoplasm,,Soluble,0.6327000260353088,0.1629000008106231,0.2089000046253204,0.2967000007629394,0.2533000111579895,0.0364999994635582,0.1237000003457069,0.2619999945163727,0.39410001039505,0.0384000018239021,0.6175000071525574,0.0925000011920929,0.0696000009775161,0.7347999811172485
CAK9027950.1,Cytoplasm,Signal peptide,Peripheral|Soluble,0.5139999985694885,0.4065999984741211,0.232800006866455,0.1084999963641166,0.2599999904632568,0.2123000025749206,0.4275999963283539,0.2723000049591064,0.4293999969959259,0.0373000018298625,0.6567000150680542,0.1300999969244003,0.1243000030517578,0.6869000196456909
KAL3159755.1,Plastid,Chloroplast transit peptide,Peripheral|Soluble,0.0917999967932701,0.1115000024437904,0.0299999993294477,0.0750000029802322,0.189300000667572,0.982200026512146,0.0175000000745058,0.0579999983310699,0.0560000017285347,0.0186999998986721,0.707099974155426,0.0606999993324279,0.0436999984085559,0.6468999981880188
KAK3246988.1,Plastid,Chloroplast transit peptide,Peripheral|Soluble,0.1336999982595443,0.0797000005841255,0.0577999986708164,0.0710000023245811,0.4280999898910522,0.9883000254631042,0.025399999693036,0.0240000002086162,0.0357999987900257,0.0119000002741813,0.7178999781608582,0.0806000009179115,0.0971999987959861,0.5753999948501587
XP_005787873.1,Golgi apparatus,Signal peptide|Transmembrane domain,Transmembrane,0.257999986410141,0.0790999978780746,0.1704999953508377,0.4630999863147735,0.2666000127792358,0.0092000002041459,0.5683000087738037,0.5493999719619751,0.7630000114440918,0.0810000002384185,0.1224000006914138,0.971400022506714,0.2430000007152557,0.1509999930858612
KAL4857070.1,Cytoplasm,,Peripheral|Soluble,0.5407000184059143,0.1683000028133392,0.2264000028371811,0.1425999999046325,0.451799988746643,0.0377999991178512,0.1814000010490417,0.1351000070571899,0.5149999856948853,0.0397999994456768,0.6800000071525574,0.0839999988675117,0.194700002670288,0.6306999921798706
WPT16867.1,Lysosome/Vacuole,Signal peptide|Transmembrane domain,Transmembrane,0.3718000054359436,0.1732999980449676,0.1052000001072883,0.4679000079631805,0.1618999987840652,0.0731000006198883,0.4361000061035156,0.5637000203132629,0.3865000009536743,0.0430000014603138,0.1124000027775764,0.982200026512146,0.1291999965906143,0.1305000036954879
JAC84424.1,Extracellular,Signal peptide,Soluble,0.2223999947309494,0.1339000016450882,0.7998999953269958,0.0738999992609024,0.1386999934911728,0.0299999993294477,0.4912000000476837,0.5091000199317932,0.4016000032424927,0.1395999938249588,0.3601999878883362,0.1715999990701675,0.0776999965310096,0.6837999820709229
BDA47842.1,Plastid,Chloroplast transit peptide,Peripheral|Soluble,0.1675000041723251,0.1387999951839447,0.0236000008881092,0.0644000023603439,0.3016999959945678,0.9229000210762024,0.0335999988019466,0.0727000012993812,0.1845999956130981,0.0662000030279159,0.6545000076293945,0.0742999985814094,0.0675999969244003,0.7103000283241272
KAH7622131.1,Plastid,Chloroplast transit peptide,Peripheral|Soluble,0.3097000122070312,0.1438000053167343,0.1609999984502792,0.0913000032305717,0.3864000141620636,0.8568000197410583,0.0785000026226043,0.1158000007271766,0.18019999563694,0.5108000040054321,0.6266999840736389,0.0966000035405159,0.0648000016808509,0.6777999997138977
XRB23073.1,Plastid,Chloroplast transit peptide,Peripheral|Soluble,0.1863999962806701,0.1337999999523162,0.065700002014637,0.1435000002384185,0.1439999938011169,0.8640000224113464,0.0247000008821487,0.0570000000298023,0.1024999991059303,0.0015999999595806,0.7457000017166138,0.0430000014603138,0.0368999987840652,0.6255000233650208
XKU06616.1,Extracellular,Signal peptide,Soluble,0.2110999971628189,0.1247999966144561,0.8806999921798706,0.2479999959468841,0.0461999997496604,0.262800008058548,0.2563999891281128,0.4146000146865845,0.1982000023126602,0.0137999998405575,0.5249999761581421,0.0975999981164932,0.0233999993652105,0.6509000062942505
KAA6430000.1,Extracellular,Signal peptide,Soluble,0.1375000029802322,0.0826999992132186,0.9139000177383424,0.1655000001192093,0.0935000032186508,0.0307999998331069,0.3513000011444092,0.4596999883651733,0.219200000166893,0.0041999998502433,0.2757000029087066,0.0394000001251697,0.0461999997496604,0.840399980545044
BHG31004.1,Extracellular,Signal peptide,Soluble,0.160300001502037,0.0744000002741813,0.7818999886512756,0.2234999984502792,0.0595000013709068,0.1084999963641166,0.5727999806404114,0.482699990272522,0.3869999945163727,0.0013999999500811,0.3501999974250793,0.0769999995827674,0.0403999984264373,0.7411999702453613
KAI2511327.1,Cytoplasm,Signal peptide,Soluble,0.4668999910354614,0.3373999893665313,0.3659999966621399,0.2390999943017959,0.1562999933958053,0.0027999999001622,0.328900009393692,0.3384999930858612,0.156700000166893,0.0041000000201165,0.4196000099182129,0.1150999963283538,0.1280999928712844,0.7160999774932861
PRW57787.1,Cytoplasm,,Peripheral|Soluble,0.6646000146865845,0.3361999988555908,0.1075000017881393,0.3161999881267547,0.3887999951839447,0.0148999998345971,0.218299999833107,0.3635999858379364,0.4630999863147735,0.0238000005483627,0.667900025844574,0.1262000054121017,0.1168999969959259,0.6948000192642212
EWM25763.1,Lysosome/Vacuole,Signal peptide,Transmembrane,0.3402999937534332,0.2372000068426132,0.2660999894142151,0.1339000016450882,0.3932999968528747,0.2149000018835067,0.5654000043869019,0.5532000064849854,0.6392999887466431,0.0606000013649463,0.334199994802475,0.9052000045776368,0.1404000073671341,0.2775999903678894
BHG23277.1,Cytoplasm,,Soluble,0.7296000123023987,0.228300005197525,0.1335999965667724,0.3111999928951263,0.1772000044584274,0.0384000018239021,0.1074000000953674,0.1773000061511993,0.2615000009536743,0.0153999999165534,0.5627999901771545,0.0738999992609024,0.0410999990999698,0.7554000020027161
JAC70457.1,Plastid,Chloroplast transit peptide,Peripheral,0.1683000028133392,0.1315000057220459,0.0399999991059303,0.0751999989151954,0.3605000078678131,0.9463000297546388,0.0237000007182359,0.0720999985933303,0.0659999996423721,0.0930000022053718,0.7975999712944031,0.1263999938964843,0.5753999948501587,0.3659000098705292
GBF99680.1,Plastid,Chloroplast transit peptide,Peripheral|Soluble,0.1843000054359436,0.0825999975204467,0.0472000017762184,0.0908999964594841,0.2179999947547912,0.9445000290870668,0.0295000001788139,0.0410000011324882,0.0855000019073486,0.0118000004440546,0.6905999779701233,0.0401999987661838,0.0478999987244606,0.7124000191688538
KFM23571.1,Cytoplasm,,Peripheral|Soluble,0.7336000204086304,0.3116999864578247,0.0741000026464462,0.1659999936819076,0.2467000037431717,0.0966999977827072,0.19930000603199,0.3882000148296356,0.4234000146389007,0.0286999996751546,0.6668999791145325,0.0854000002145767,0.0480000004172325,0.7141000032424927
OEU14164.1,Mitochondrion,Peroxisomal targeting signal,Transmembrane,0.2208999991416931,0.1696999967098236,0.1425999999046325,0.1224000006914138,0.7791000008583069,0.2231999933719635,0.3420000076293945,0.4300999939441681,0.2563999891281128,0.6672999858856201,0.4560999870300293,0.9354000091552734,0.0797000005841255,0.0935000032186508
QKY15147.1,Plastid,Chloroplast transit peptide,Soluble,0.0847000032663345,0.0891000032424926,0.0452999994158744,0.090999998152256,0.0878999978303909,0.9908000230789183,0.0161000005900859,0.0732000023126602,0.0412000007927417,0.0631000027060508,0.612500011920929,0.0520000010728836,0.0377000011503696,0.6959999799728394
KAH7618529.1,Plastid,Chloroplast transit peptide,Peripheral|Soluble,0.1351000070571899,0.1019999980926513,0.049100000411272,0.0846000015735626,0.159400001168251,0.9883999824523926,0.0276999995112419,0.1111000031232833,0.0785000026226043,0.0436000004410743,0.7020999789237976,0.0832000002264976,0.0285999998450279,0.6399000287055969
XP_013898592.1,Cytoplasm,,Soluble,0.6647999882698059,0.2608999907970428,0.4961999952793121,0.1072999984025955,0.0988999977707862,0.0483000017702579,0.1543000042438507,0.0441999994218349,0.2569000124931335,0.0065000001341104,0.5666000247001648,0.0516999997198581,0.0383000001311302,0.7718999981880188
KAH7623065.1,Cytoplasm,,Peripheral|Soluble,0.6926000118255615,0.2211000025272369,0.1190000027418136,0.1676999926567077,0.226500004529953,0.0788000002503395,0.1994999945163726,0.2799000144004822,0.555899977684021,0.0193000007420778,0.629800021648407,0.1141000017523765,0.0693999975919723,0.649399995803833
CAK9065916.1,Mitochondrion,Mitochondrial transit peptide,Peripheral|Soluble,0.2226999998092651,0.1851000040769577,0.12219999730587,0.0829999968409538,0.7530999779701233,0.6233000159263611,0.1006999984383583,0.1695999950170517,0.3120000064373016,0.1624000072479248,0.7261999845504761,0.1430000066757202,0.2424000054597854,0.5357000231742859
XP_013897332.1,Cytoplasm,Signal peptide,Peripheral|Soluble,0.4979000091552734,0.1785999983549118,0.2351000010967254,0.1951999962329864,0.2311999946832656,0.0553000010550022,0.1481000036001205,0.3416999876499176,0.5170000195503235,0.0035000001080334,0.7095000147819519,0.0882000029087066,0.0419999994337558,0.6358000040054321
WP_192155573.1,Cytoplasm|Nucleus,Nuclear localization signal,Soluble,0.7422999739646912,0.6389999985694885,0.1327999979257583,0.0249000005424022,0.1440999954938888,0.0054000001400709,0.0432000011205673,0.0649999976158142,0.0568000003695488,0.0430999994277954,0.4934999942779541,0.0738999992609024,0.0153999999165534,0.7160000205039978
WP_449000190.1,Cytoplasm|Nucleus,Nuclear localization signal|Nuclear export signal,Soluble,0.8174999952316284,0.6488999724388123,0.0185000002384185,0.0810000002384185,0.2883000075817108,0.0331000015139579,0.0939999967813491,0.2621000111103058,0.2081000059843063,0.0010000000474974,0.4316000044345855,0.0949999988079071,0.0274999998509883,0.7160000205039978
WP_292768435.1,Cytoplasm|Nucleus,Nuclear localization signal,Soluble,0.6942999958992004,0.6729999780654907,0.1307999938726425,0.0551000013947486,0.2565000057220459,0.0172000005841255,0.0900000035762786,0.1423999965190887,0.1521999984979629,0.001300000003539,0.6051999926567078,0.0957999974489212,0.0193000007420778,0.669700026512146
WP_194000222.1,Cytoplasm|Nucleus,Nuclear localization signal|Nuclear export signal,Soluble,0.8496999740600586,0.6230999827384949,0.052700001746416,0.0979999974370002,0.1606000065803527,0.0085000004619359,0.0776000022888183,0.1158000007271766,0.1409000009298324,0.0082999998703598,0.5327000021934509,0.0859000012278556,0.0188999995589256,0.6930000185966492
WP_104908901.1,Cytoplasm,,Soluble,0.7461000084877014,0.4616999924182892,0.3095999956130981,0.0847000032663345,0.1270000040531158,0.0270000007003545,0.248999997973442,0.2164999991655349,0.2363000065088272,0.0027999999001622,0.593500018119812,0.0571999996900558,0.0198999997228384,0.7172999978065491
WP_193980936.1,Cytoplasm|Nucleus,Nuclear localization signal,Soluble,0.699999988079071,0.5493000149726868,0.0910999998450279,0.0898000001907348,0.2466000020503997,0.0165999997407197,0.0824000015854835,0.1852000057697296,0.0837000012397766,0.001300000003539,0.5325000286102295,0.0900000035762786,0.0130000002682209,0.7050999999046326
KAN4129340.1,Cytoplasm,Nuclear localization signal,Soluble,0.7263000011444092,0.4668999910354614,0.4629000127315521,0.2836999893188476,0.0516000017523765,0.0645999982953071,0.1317999958992004,0.1032999977469444,0.1027999967336654,0.0041000000201165,0.6000999808311462,0.0263999998569488,0.0520999990403652,0.7986000180244446
