Protein_ID,Localizations,Signals,Membrane types,Cytoplasm,Nucleus,Extracellular,Cell membrane,Mitochondrion,Plastid,Endoplasmic reticulum,Lysosome/Vacuole,Golgi apparatus,Peroxisome,Peripheral,Transmembrane,Lipid anchor,Soluble
WPT15511.1,Cell membrane,Transmembrane domain,Transmembrane,0.1736000031232834,0.2930000126361847,0.05820000171661377,0.3458000123500824,0.18529999256134033,0.24279999732971191,0.13760000467300415,0.2547999918460846,0.2799000144004822,0.009700000286102295,0.04610000178217888,0.9886999726295471,0.05559999868273735,0.15929999947547913
OLP99696.1,Lysosome/Vacuole,Signal peptide|Transmembrane domain,Transmembrane,0.12399999797344208,0.10819999873638153,0.039799999445676804,0.4291999936103821,0.1200999990105629,0.011099999770522118,0.2685000002384186,0.478300005197525,0.4438999891281128,0.02630000002682209,0.02250000089406967,0.9944999814033508,0.03660000115633011,0.15790000557899475
OLP77119.1,Cytoplasm,,Transmembrane,0.3025999963283539,0.3481000065803528,0.05400000140070915,0.2709999978542328,0.1656000018119812,0.051100000739097595,0.20160000026226044,0.08290000259876251,0.21289999783039093,0.00559999980032444,0.029500000178813934,0.9908999800682068,0.06759999692440033,0.20280000567436218
KAL4859569.1,Lysosome/Vacuole,Transmembrane domain,Transmembrane,0.1509000062942505,0.07069999724626541,0.056299999356269836,0.4790000021457672,0.20389999449253082,0.011800000444054604,0.11959999799728394,0.746399998664856,0.37400001287460327,0.008299999870359898,0.04780000075697899,0.9853000044822693,0.07289999723434448,0.1738000065088272
OKH29726.1,Lysosome/Vacuole,Signal peptide|Transmembrane domain,Transmembrane,0.11420000344514847,0.2223999947309494,0.21119999885559082,0.20200000703334808,0.07999999821186066,0.007300000172108412,0.2842999994754791,0.3499999940395355,0.20669999718666077,0.02319999970495701,0.10189999639987946,0.9883999824523926,0.029999999329447746,0.08370000123977661
XKU07865.1,Plastid,Chloroplast transit peptide,Transmembrane,0.07259999960660934,0.053700000047683716,0.025200000032782555,0.12520000338554382,0.2513999938964844,0.8934000134468079,0.023399999365210533,0.060100000351667404,0.09969999641180038,0.01080000028014183,0.06949999928474426,0.9810000061988831,0.035999998450279236,0.1703999936580658
EWM30127.1,Lysosome/Vacuole|Golgi apparatus,Signal peptide|Transmembrane domain,Transmembrane,0.13850000500679016,0.13369999825954437,0.13220000267028809,0.22689999639987946,0.16189999878406525,0.008799999952316284,0.4025000035762787,0.7315999865531921,0.6733999848365784,0.020099999383091927,0.04259999841451645,0.991599977016449,0.18490000069141388,0.15389999747276306
WP_073593559.1,Cell membrane,,Transmembrane,0.18279999494552612,0.2791999876499176,0.22679999470710754,0.3644999861717224,0.27619999647140503,0.011599999852478504,0.18490000069141388,0.11810000240802765,0.3749000132083893,0.002400000113993883,0.04780000075697899,0.9925000071525574,0.01640000008046627,0.11640000343322754
GAX26136.1,Lysosome/Vacuole,Transmembrane domain,Transmembrane,0.2289000004529953,0.11699999868869781,0.02410000003874302,0.4823000133037567,0.1590999960899353,0.012000000104308128,0.21570000052452087,0.6207000017166138,0.3587000072002411,0.00559999980032444,0.026499999687075615,0.9951000213623047,0.052400000393390656,0.12800000607967377
OLQ14100.1,Cell membrane,Transmembrane domain,Transmembrane,0.40119999647140503,0.2671000063419342,0.06369999796152115,0.6218000054359436,0.17149999737739563,0.053599998354911804,0.2378000020980835,0.39980000257492065,0.19750000536441803,0.03889999911189079,0.06809999793767929,0.9800000190734863,0.17820000648498535,0.20180000364780426
XP_005852738.1,Cell membrane,Transmembrane domain,Transmembrane,0.13529999554157257,0.14190000295639038,0.04729999974370003,0.6640999913215637,0.15330000221729279,0.04600000008940697,0.14900000393390656,0.44130000472068787,0.34470000863075256,0.026399999856948853,0.029100000858306885,0.9968000054359436,0.06449999660253525,0.09880000352859497
JAC82733.1,Plastid,Chloroplast transit peptide,Transmembrane,0.07159999758005142,0.053300000727176666,0.04050000011920929,0.12800000607967377,0.15209999680519104,0.9848999977111816,0.03739999979734421,0.06650000065565109,0.12409999966621399,0.019899999722838402,0.08100000023841858,0.984499990940094,0.05609999969601631,0.14300000667572021
WP_193979857.1,Cell membrane,,Transmembrane,0.20980000495910645,0.2879999876022339,0.1949000060558319,0.36399999260902405,0.274399995803833,0.011800000444054604,0.15330000221729279,0.12479999661445618,0.3637000024318695,0.0027000000700354576,0.04820000007748604,0.9929999709129333,0.015300000086426735,0.11349999904632568
XP_005651262.1,Endoplasmic reticulum|Golgi apparatus,Signal peptide|Transmembrane domain,Transmembrane,0.09440000355243683,0.19750000536441803,0.011800000444054604,0.14990000426769257,0.19200000166893005,0.010700000450015068,0.7379000186920166,0.24650000035762787,0.7419000267982483,0.012500000186264515,0.12610000371932983,0.9794999957084656,0.02019999921321869,0.1501999944448471
BAW96450.1,Cell membrane,Signal peptide|Transmembrane domain,Transmembrane,0.08160000294446945,0.1581999957561493,0.1615000069141388,0.3718999922275543,0.07090000063180923,0.02449999935925007,0.3431999981403351,0.2574000060558319,0.49320000410079956,0.023499999195337296,0.07930000126361847,0.9908999800682068,0.011500000022351742,0.125900000333786
WZN60049.1,Plastid,Chloroplast transit peptide,Transmembrane,0.07050000131130219,0.055399999022483826,0.0284000001847744,0.13130000233650208,0.25600001215934753,0.8906999826431274,0.021800000220537186,0.05920000001788139,0.10429999977350235,0.008200000040233135,0.07010000199079514,0.9797000288963318,0.03530000150203705,0.17489999532699585
CAK9001609.1,Cytoplasm,Transmembrane domain,Transmembrane,0.33880001306533813,0.14229999482631683,0.03869999945163727,0.26499998569488525,0.08860000222921371,0.01679999940097332,0.4429999887943268,0.3783000111579895,0.4205999970436096,0.0005000000237487257,0.0357000008225441,0.9879999756813049,0.022099999710917473,0.18369999527931213
PSC75514.1,Lysosome/Vacuole,Signal peptide|Transmembrane domain,Transmembrane,0.17759999632835388,0.042100001126527786,0.057500001043081284,0.27379998564720154,0.20829999446868896,0.035999998450279236,0.1800999939441681,0.7960000038146973,0.6087999939918518,0.08009999990463257,0.06159999966621399,0.987500011920929,0.05480000004172325,0.15489999949932098
PNH04298.1,Cell membrane,,Transmembrane,0.1469999998807907,0.15639999508857727,0.21050000190734863,0.49380001425743103,0.2992999851703644,0.07810000330209732,0.07900000363588333,0.1420000046491623,0.34459999203681946,0.008200000040233135,0.051500000059604645,0.984000027179718,0.03759999945759773,0.1881999969482422
CAK9036100.1,Cell membrane,Signal peptide|Transmembrane domain,Transmembrane,0.1046999990940094,0.10970000177621841,0.04320000112056732,0.6539000272750854,0.10660000145435333,0.006200000178068876,0.17000000178813934,0.42170000076293945,0.35190001130104065,0.01489999983459711,0.02250000089406967,0.9916999936103821,0.03180000185966492,0.1835000067949295
KAH7618162.1,Lysosome/Vacuole,Transmembrane domain,Transmembrane,0.1551000028848648,0.11800000071525574,0.04690000042319298,0.3799000084400177,0.14499999582767487,0.014499999582767487,0.15219999849796295,0.6373000144958496,0.34929999709129333,0.004900000058114529,0.03590000048279762,0.9919000267982483,0.05119999870657921,0.1265999972820282
GBF88998.1,Plastid,Chloroplast transit peptide,Transmembrane,0.07590000331401825,0.03669999912381172,0.0551999993622303,0.13910000026226044,0.2126999944448471,0.925599992275238,0.02979999966919422,0.0617000013589859,0.1573999971151352,0.01080000028014183,0.06790000200271606,0.984000027179718,0.04800000041723251,0.1429000049829483
CAB9524177.1,Lysosome/Vacuole,Transmembrane domain,Transmembrane,0.22200000286102295,0.11299999803304672,0.03060000017285347,0.4560999870300293,0.1525000035762787,0.010700000450015068,0.2531000077724457,0.5742999911308289,0.353300005197525,0.004100000020116568,0.025499999523162842,0.9945999979972839,0.05040000006556511,0.13490000367164612
KAA6427963.1,Plastid,Chloroplast transit peptide,Transmembrane,0.07069999724626541,0.05530000105500221,0.03920000046491623,0.08910000324249268,0.26899999380111694,0.9409999847412109,0.02280000038444996,0.0617000013589859,0.094200000166893,0.025100000202655792,0.06270000338554382,0.9781000018119812,0.043800000101327896,0.17329999804496765
EWM29180.1,Lysosome/Vacuole,Signal peptide|Transmembrane domain,Transmembrane,0.19629999995231628,0.1266999989748001,0.07349999994039536,0.11810000240802765,0.1388999968767166,0.016200000420212746,0.4056999981403351,0.8392999768257141,0.5507000088691711,0.018799999728798866,0.04349999874830246,0.9925000071525574,0.034699998795986176,0.13670000433921814
KAK3282185.1,Cell membrane|Lysosome/Vacuole,Transmembrane domain,Transmembrane,0.1404000073671341,0.09229999780654907,0.0203000009059906,0.5756000280380249,0.08709999918937683,0.01080000028014183,0.22290000319480896,0.6625000238418579,0.36980000138282776,0.02979999966919422,0.03269999846816063,0.9926000237464905,0.05290000140666962,0.14059999585151672
XKU16768.1,Plastid,Chloroplast transit peptide,Transmembrane,0.07259999960660934,0.053700000047683716,0.025200000032782555,0.12520000338554382,0.2513999938964844,0.8934000134468079,0.023399999365210533,0.060100000351667404,0.09969999641180038,0.01080000028014183,0.06949999928474426,0.9810000061988831,0.035999998450279236,0.1703999936580658
GKY91386.1,Lysosome/Vacuole,Transmembrane domain,Transmembrane,0.15919999778270721,0.10750000178813934,0.014999999664723873,0.48570001125335693,0.13259999454021454,0.0142000000923872,0.33149999380111694,0.7042999863624573,0.49619999527931213,0.02410000003874302,0.04899999871850014,0.9919999837875366,0.03660000115633011,0.13179999589920044
BHG21115.1,Plastid,Chloroplast transit peptide,Transmembrane,0.07540000230073929,0.055799998342990875,0.03460000082850456,0.1446000039577484,0.18780000507831573,0.9876999855041504,0.032999999821186066,0.055399999022483826,0.08630000054836273,0.024800000712275505,0.07129999995231628,0.986299991607666,0.03880000114440918,0.1469999998807907
CAK9106420.1,Lysosome/Vacuole,Signal peptide|Transmembrane domain,Transmembrane,0.14640000462532043,0.12070000171661377,0.3416000008583069,0.27469998598098755,0.12880000472068787,0.017400000244379044,0.4837999939918518,0.6955999732017517,0.642300009727478,0.003800000064074993,0.04650000110268593,0.987500011920929,0.1859000027179718,0.16369999945163727
BHG26217.1,Cell membrane|Lysosome/Vacuole,Transmembrane domain,Transmembrane,0.13809999823570251,0.11680000275373459,0.035599999129772186,0.5541999936103821,0.12319999933242798,0.0142000000923872,0.2021999955177307,0.5656999945640564,0.3118000030517578,0.003100000089034438,0.04809999838471413,0.9896000027656555,0.05400000140070915,0.13230000436306
GAB5029685.1,Lysosome/Vacuole,Signal peptide|Transmembrane domain,Transmembrane,0.15839999914169312,0.12409999966621399,0.09139999747276306,0.09989999979734421,0.1412999927997589,0.00800000037997961,0.37959998846054077,0.8309000134468079,0.47609999775886536,0.014600000344216824,0.04320000112056732,0.9916999936103821,0.03359999880194664,0.14239999651908875
PRW58607.1,Plastid,Chloroplast transit peptide,Transmembrane,0.11479999870061874,0.05350000038743019,0.0820000022649765,0.10050000250339508,0.22540000081062317,0.8935999870300293,0.02539999969303608,0.07339999824762344,0.16940000653266907,0.06809999793767929,0.06750000268220901,0.9850000143051147,0.0478999987244606,0.17960000038146973
OLQ13682.1,Cell membrane,Transmembrane domain,Transmembrane,0.2062000036239624,0.11860000342130661,0.1193000003695488,0.44620001316070557,0.2143000066280365,0.14949999749660492,0.362199991941452,0.4235000014305115,0.4239000082015991,0.07329999655485153,0.05050000175833702,0.9879999756813049,0.12860000133514404,0.19349999725818634
JAC66711.1,Cell membrane,Transmembrane domain,Transmembrane,0.1281999945640564,0.08049999922513962,0.0348999984562397,0.3019999861717224,0.2818000018596649,0.36739999055862427,0.08550000190734863,0.24330000579357147,0.3736000061035156,0.021700000390410423,0.06809999793767929,0.9848999977111816,0.05130000039935112,0.14830000698566437
KAL4859568.1,Lysosome/Vacuole,Transmembrane domain,Transmembrane,0.15060000121593475,0.0723000019788742,0.05950000137090683,0.46700000762939453,0.20360000431537628,0.011900000274181366,0.11940000206232071,0.7432000041007996,0.36320000886917114,0.00860000029206276,0.049400001764297485,0.98580002784729,0.07109999656677246,0.16850000619888306
KAH7618451.1,Plastid,Chloroplast transit peptide,Transmembrane,0.056699998676776886,0.05209999904036522,0.026599999517202377,0.12189999967813492,0.18709999322891235,0.9929999709129333,0.03310000151395798,0.08399999886751175,0.10980000346899033,0.033399999141693115,0.07720000296831131,0.986299991607666,0.043800000101327896,0.13930000364780426
BDA41763.1,Cell membrane,Transmembrane domain,Transmembrane,0.17560000717639923,0.13030000030994415,0.05770000070333481,0.40880000591278076,0.21220000088214874,0.16539999842643738,0.09880000352859497,0.3521000146865845,0.36090001463890076,0.013799999840557575,0.057999998331069946,0.9860000014305115,0.03180000185966492,0.16110000014305115
JAC79700.1,Lysosome/Vacuole,Signal peptide|Transmembrane domain,Transmembrane,0.1404999941587448,0.06549999862909317,0.0828000009059906,0.3154999911785126,0.09220000356435776,0.07460000365972519,0.19359999895095825,0.8578000068664551,0.4505000114440918,0.0203000009059906,0.04309999942779541,0.9904000163078308,0.07649999856948853,0.1444000005722046
UPR02365.1,Endoplasmic reticulum|Golgi apparatus,Signal peptide|Transmembrane domain,Transmembrane,0.07090000063180923,0.24400000274181366,0.014100000262260437,0.10209999978542328,0.25999999046325684,0.023900000378489494,0.7333999872207642,0.27140000462532043,0.8172000050544739,0.024000000208616257,0.14079999923706055,0.9840999841690063,0.021800000220537186,0.12290000170469284
PSC74729.1,Endoplasmic reticulum,,Transmembrane,0.210999995470047,0.133200004696846,0.5551999807357788,0.2720000147819519,0.4641999900341034,0.37290000915527344,0.6413999795913696,0.21789999306201935,0.22669999301433563,0.10719999670982361,0.4309000074863434,0.9750000238418579,0.1429000049829483,0.08389999717473984
KAN5726602.1,Cell membrane,Transmembrane domain,Transmembrane,0.1673000007867813,0.1525000035762787,0.06019999831914902,0.4406999945640564,0.2280000001192093,0.18770000338554382,0.045899998396635056,0.22750000655651093,0.35519999265670776,0.008299999870359898,0.0737999975681305,0.9754999876022339,0.028699999675154686,0.17980000376701355
CAK9103668.1,Cytoplasm|Nucleus,Nuclear localization signal,Soluble,0.4819999933242798,0.7098000049591064,0.12240000069141388,0.06499999761581421,0.07209999859333038,0.05420000106096268,0.11089999973773956,0.020400000736117363,0.121799997985363,0.000699999975040555,0.40560001134872437,0.045499999076128006,0.06589999794960022,0.8472999930381775
KAK3239086.1,Cell membrane,Transmembrane domain,Transmembrane,0.11980000138282776,0.17440000176429749,0.0617000013589859,0.6140000224113464,0.16339999437332153,0.02280000038444996,0.1421000063419342,0.37299999594688416,0.2418999969959259,0.014000000432133675,0.037700001150369644,0.9939000010490417,0.09539999812841415,0.11389999836683273
OKH38119.1,Cell membrane,,Transmembrane,0.18279999494552612,0.2791999876499176,0.22679999470710754,0.3644999861717224,0.27619999647140503,0.011599999852478504,0.18490000069141388,0.11810000240802765,0.3749000132083893,0.002400000113993883,0.04780000075697899,0.9925000071525574,0.01640000008046627,0.11640000343322754
BDA39651.1,Lysosome/Vacuole,Signal peptide|Transmembrane domain,Transmembrane,0.10429999977350235,0.16580000519752502,0.14920000731945038,0.18930000066757202,0.09700000286102295,0.008500000461935997,0.3774000108242035,0.4156999886035919,0.34040001034736633,0.014100000262260437,0.15080000460147858,0.9825000166893005,0.03200000151991844,0.08789999783039093
WPT14385.1,Cell membrane,Transmembrane domain,Transmembrane,0.1362999975681305,0.1776999980211258,0.015300000086426735,0.5527999997138977,0.15230000019073486,0.02239999920129776,0.18529999256134033,0.2992999851703644,0.32510000467300415,0.00279999990016222,0.0430000014603138,0.9914000034332275,0.045499999076128006,0.1274999976158142
CAK9049106.1,Cell membrane,Transmembrane domain,Transmembrane,0.16539999842643738,0.22059999406337738,0.10270000249147415,0.49570000171661377,0.2101999968290329,0.07339999824762344,0.3409999907016754,0.351500004529953,0.2937999963760376,0.02539999969303608,0.022099999710917473,0.9934999942779541,0.08049999922513962,0.18320000171661377
KAK3277041.1,Plastid,,Transmembrane,0.04610000178217888,0.054499998688697815,0.013299999758601189,0.1404000073671341,0.2264000028371811,0.9822999835014343,0.04230000078678131,0.0689999982714653,0.04600000008940697,0.065700002014637,0.131400004029274,0.9775000214576721,0.019099999219179153,0.17069999873638153
QDZ23151.1,Endoplasmic reticulum|Golgi apparatus,Signal peptide|Transmembrane domain,Transmembrane,0.07090000063180923,0.24400000274181366,0.014100000262260437,0.10209999978542328,0.25999999046325684,0.023900000378489494,0.7333999872207642,0.27140000462532043,0.8172000050544739,0.024000000208616257,0.14079999923706055,0.9840999841690063,0.021800000220537186,0.12290000170469284
GAB1853334.1,Cell membrane,Transmembrane domain,Transmembrane,0.14890000224113464,0.12280000001192093,0.01720000058412552,0.5655999779701233,0.1396999955177307,0.02199999988079071,0.19419999420642853,0.4083999991416931,0.3481000065803528,0.0024999999441206455,0.03799999877810478,0.9850000143051147,0.03669999912381172,0.18240000307559967
GAB5031050.1,Cell membrane,Transmembrane domain,Transmembrane,0.23739999532699585,0.147599995136261,0.06639999896287918,0.4593999981880188,0.1316000074148178,0.00930000003427267,0.24529999494552612,0.49950000643730164,0.4832000136375427,0.002899999963119626,0.03530000150203705,0.9955000281333923,0.022600000724196434,0.12290000170469284
CAB9511160.1,Cell membrane,Transmembrane domain,Transmembrane,0.09740000218153,0.11429999768733978,0.016300000250339508,0.5684000253677368,0.17270000278949738,0.03779999911785126,0.31310001015663147,0.5584999918937683,0.49639999866485596,0.007699999958276749,0.032600000500679016,0.9941999912261963,0.0551999993622303,0.13689999282360077
XRA99549.1,Cell membrane,Transmembrane domain,Transmembrane,0.1492999941110611,0.09560000151395798,0.04600000008940697,0.5662999749183655,0.10939999669790268,0.012900000438094139,0.3635999858379364,0.5339000225067139,0.450300008058548,0.019899999722838402,0.04569999873638153,0.9758999943733215,0.024800000712275505,0.22660000622272491
GAB5034470.1,Cell membrane,Transmembrane domain,Transmembrane,0.11429999768733978,0.1363999992609024,0.04479999840259552,0.6711999773979187,0.11309999972581863,0.021800000220537186,0.17649999260902405,0.47620001435279846,0.2971999943256378,0.015300000086426735,0.03060000017285347,0.996399998664856,0.066600002348423,0.09449999779462814
WP_496080560.1,Cytoplasm,,Peripheral|Soluble,0.7092999815940857,0.24379999935626984,0.06080000102519989,0.1907999962568283,0.5655999779701233,0.1589999943971634,0.24150000512599945,0.3255999982357025,0.22869999706745148,0.03189999982714653,0.7462999820709229,0.027699999511241913,0.18160000443458557,0.6855000257492065
PSC75287.1,Lysosome/Vacuole,Signal peptide|Transmembrane domain,Transmembrane,0.1362999975681305,0.05429999902844429,0.06400000303983688,0.483599990606308,0.218299999833107,0.017799999564886093,0.22679999470710754,0.6953999996185303,0.3743000030517578,0.006300000008195639,0.0430000014603138,0.9879999756813049,0.048500001430511475,0.17890000343322754
CAK9029438.1,Golgi apparatus,Signal peptide|Transmembrane domain,Transmembrane,0.3181999921798706,0.10329999774694443,0.1753000020980835,0.2533999979496002,0.2856999933719635,0.07850000262260437,0.49129998683929443,0.5358999967575073,0.6642000079154968,0.0034000000450760126,0.08179999887943268,0.9857000112533569,0.0737999975681305,0.16760000586509705
XRB01688.1,Plastid,,Transmembrane,0.10379999876022339,0.06859999895095825,0.07199999690055847,0.11270000040531158,0.3025999963283539,0.7936000227928162,0.05900000035762787,0.06859999895095825,0.22849999368190765,0.0052999998442828655,0.06859999895095825,0.9851999878883362,0.03099999949336052,0.13750000298023224
KOO22686.1,Lysosome/Vacuole,Transmembrane domain,Transmembrane,0.22100000083446503,0.1103999987244606,0.02930000051856041,0.287200003862381,0.17739999294281006,0.030500000342726707,0.2554999887943268,0.48240000009536743,0.3174000084400177,0.0071000000461936,0.025599999353289604,0.9933000206947327,0.038600001484155655,0.15569999814033508
WKW83349.1,Cell membrane,Transmembrane domain,Transmembrane,0.1225999966263771,0.10180000215768814,0.038600001484155655,0.7775999903678894,0.1615999937057495,0.0340999998152256,0.15940000116825104,0.4348999857902527,0.295199990272522,0.022600000724196434,0.01860000006854534,0.9952999949455261,0.08229999989271164,0.1371999979019165
CAB9515091.1,Cell membrane,Transmembrane domain,Transmembrane,0.10670000314712524,0.09220000356435776,0.038600001484155655,0.4828000068664551,0.2433999925851822,0.018300000578165054,0.3116999864578247,0.3327000141143799,0.37869998812675476,0.015300000086426735,0.020600000396370888,0.995199978351593,0.04320000112056732,0.13519999384880066
KAG5187821.1,Cell membrane,Transmembrane domain,Transmembrane,0.20340000092983246,0.10320000350475311,0.02800000086426735,0.6297000050544739,0.1362999975681305,0.019700000062584877,0.25369998812675476,0.4383000135421753,0.4487000107765198,0.010200000368058681,0.030300000682473183,0.9940999746322632,0.04899999871850014,0.13650000095367432
KAA6424305.1,Lysosome/Vacuole|Golgi apparatus,Signal peptide|Transmembrane domain,Transmembrane,0.10790000110864639,0.11079999804496765,0.04659999907016754,0.3012999892234802,0.25360000133514404,0.009999999776482582,0.5464000105857849,0.597599983215332,0.713100016117096,0.02419999986886978,0.08489999920129776,0.9790999889373779,0.05180000141263008,0.19750000536441803
GBF90824.1,Cell membrane|Lysosome/Vacuole,Signal peptide|Transmembrane domain,Transmembrane,0.21289999783039093,0.08020000159740448,0.06350000202655792,0.527400016784668,0.08049999922513962,0.01600000075995922,0.2849999964237213,0.652400016784668,0.5386000275611877,0.01510000042617321,0.045899998396635056,0.9909999966621399,0.039400000125169754,0.1509000062942505
EKU20807.1,Lysosome/Vacuole,Signal peptide|Transmembrane domain,Transmembrane,0.1446000039577484,0.15410000085830688,0.08659999817609787,0.12880000472068787,0.23929999768733978,0.00570000009611249,0.47690001130104065,0.8644999861717224,0.6287000179290771,0.03480000048875809,0.04399999976158142,0.9925000071525574,0.25699999928474426,0.13590000569820404
CAK9103807.1,Nucleus,Nuclear localization signal,Soluble,0.46799999475479126,0.7149999737739563,0.13040000200271606,0.06610000133514404,0.07880000025033951,0.06549999862909317,0.1006999984383583,0.020500000566244125,0.10480000078678131,0.0007999999797903001,0.39969998598098755,0.045099999755620956,0.06419999897480011,0.8528000116348267
CAK9001191.1,Cell membrane,,Transmembrane,0.12409999966621399,0.14800000190734863,0.18400000035762787,0.5824000239372253,0.3100000023841858,0.07850000262260437,0.20399999618530273,0.30329999327659607,0.03240000084042549,0.0010000000474974513,0.06199999898672104,0.9815999865531921,0.04100000113248825,0.20309999585151672
AFJ68651.1,Lysosome/Vacuole,Transmembrane domain,Transmembrane,0.1988999992609024,0.11410000175237656,0.04309999942779541,0.5012000203132629,0.14249999821186066,0.00989999994635582,0.18559999763965607,0.612500011920929,0.45159998536109924,0.01209999993443489,0.03200000151991844,0.993399977684021,0.06469999998807907,0.13979999721050262
XP_005855558.1,Lysosome/Vacuole,Signal peptide|Transmembrane domain,Transmembrane,0.1446000039577484,0.15410000085830688,0.08659999817609787,0.12880000472068787,0.23929999768733978,0.00570000009611249,0.47690001130104065,0.8644999861717224,0.6287000179290771,0.03480000048875809,0.04399999976158142,0.9925000071525574,0.25699999928474426,0.13590000569820404
CAK9024024.1,Cytoplasm,,Soluble,0.4341000020503998,0.21979999542236328,0.20890000462532043,0.2962999939918518,0.24210000038146973,0.06639999896287918,0.2680000066757202,0.10760000348091125,0.1826999932527542,0.02889999933540821,0.22419999539852142,0.5404000282287598,0.09440000355243683,0.6080999970436096
KAG5190730.1,Cell membrane|Lysosome/Vacuole,Transmembrane domain,Transmembrane,0.1785999983549118,0.10019999742507935,0.02539999969303608,0.5465999841690063,0.10580000281333923,0.013500000350177288,0.19439999759197235,0.6043999791145325,0.44369998574256897,0.007199999876320362,0.03629999980330467,0.9944000244140625,0.06620000302791595,0.11479999870061874
GAX17596.1,Lysosome/Vacuole,Transmembrane domain,Transmembrane,0.22139999270439148,0.12250000238418579,0.023399999365210533,0.4959999918937683,0.1459999978542328,0.009700000286102295,0.23909999430179596,0.6328999996185303,0.36820000410079956,0.003800000064074993,0.026200000196695328,0.9950000047683716,0.05169999971985817,0.12890000641345978
EIE26718.1,Endoplasmic reticulum|Golgi apparatus,Signal peptide|Transmembrane domain,Transmembrane,0.09440000355243683,0.19750000536441803,0.011800000444054604,0.14990000426769257,0.19200000166893005,0.010700000450015068,0.7379000186920166,0.24650000035762787,0.7419000267982483,0.012500000186264515,0.12610000371932983,0.9794999957084656,0.02019999921321869,0.1501999944448471
OKH18788.1,Lysosome/Vacuole,Signal peptide|Transmembrane domain,Transmembrane,0.1062999963760376,0.18379999697208405,0.20960000157356262,0.25870001316070557,0.09399999678134918,0.011500000022351742,0.27379998564720154,0.4627000093460083,0.2840000092983246,0.007799999788403511,0.11379999667406082,0.9861999750137329,0.029200000688433647,0.08950000256299973
BDA46904.1,Lysosome/Vacuole,Transmembrane domain,Transmembrane,0.12530000507831573,0.09880000352859497,0.04879999905824661,0.519599974155426,0.1143999993801117,0.01979999989271164,0.18780000507831573,0.6340000033378601,0.2808000147342682,0.003700000001117587,0.04740000143647194,0.9898999929428101,0.05290000140666962,0.13269999623298645
JAC66785.1,Plastid,Chloroplast transit peptide,Transmembrane,0.07029999792575836,0.05420000106096268,0.04230000078678131,0.13500000536441803,0.14569999277591705,0.9850000143051147,0.03610000014305115,0.0706000030040741,0.12690000236034393,0.0203000009059906,0.07890000194311142,0.9847999811172485,0.0560000017285347,0.14339999854564667
KOO29668.1,Lysosome/Vacuole,Signal peptide|Transmembrane domain,Transmembrane,0.12610000371932983,0.055799998342990875,0.07020000368356705,0.23960000276565552,0.19439999759197235,0.017400000244379044,0.3264999985694885,0.7594000101089478,0.4772999882698059,0.011900000274181366,0.05350000038743019,0.9908999800682068,0.046799998730421066,0.1395999938249588
EWM29810.1,Cell membrane,Transmembrane domain,Transmembrane,0.14259999990463257,0.1454000025987625,0.06729999929666519,0.6632999777793884,0.17800000309944153,0.06340000033378601,0.13850000500679016,0.40459999442100525,0.31610000133514404,0.017500000074505806,0.02889999933540821,0.9965999722480774,0.06970000267028809,0.10130000114440918
KFM27367.1,Cell membrane,Transmembrane domain,Transmembrane,0.14869999885559082,0.15809999406337738,0.020600000396370888,0.3711000084877014,0.17489999532699585,0.06809999793767929,0.21879999339580536,0.39239999651908875,0.3160000145435333,0.010400000028312206,0.05209999904036522,0.9872999787330627,0.03620000183582306,0.1655000001192093
KAK3266931.1,Lysosome/Vacuole,Transmembrane domain,Transmembrane,0.15150000154972076,0.15129999816417694,0.048900000751018524,0.510699987411499,0.21060000360012054,0.01590000092983246,0.3384999930858612,0.6700999736785889,0.40149998664855957,0.008100000210106373,0.053700000047683716,0.9914000034332275,0.05939999967813492,0.1451999992132187
GAB5035009.1,Lysosome/Vacuole,Signal peptide|Transmembrane domain,Transmembrane,0.19939999282360077,0.16830000281333923,0.05939999967813492,0.2386000007390976,0.14710000157356262,0.009800000116229057,0.4571000039577484,0.6790000200271606,0.6414999961853027,0.00930000003427267,0.05079999938607216,0.9872000217437744,0.07859999686479568,0.16030000150203705
CAB9514104.1,Lysosome/Vacuole,Transmembrane domain,Transmembrane,0.1371999979019165,0.10209999978542328,0.02239999920129776,0.49160000681877136,0.149399995803833,0.014800000004470348,0.18410000205039978,0.6169000267982483,0.34689998626708984,0.004800000227987766,0.026399999856948853,0.9894000291824341,0.05420000106096268,0.19499999284744263
XP_011400334.1,Cell membrane,Transmembrane domain,Transmembrane,0.14869999885559082,0.15809999406337738,0.020600000396370888,0.3711000084877014,0.17489999532699585,0.06809999793767929,0.21879999339580536,0.39239999651908875,0.3160000145435333,0.010400000028312206,0.05209999904036522,0.9872999787330627,0.03620000183582306,0.1655000001192093
CAK9037688.1,Lysosome/Vacuole,Signal peptide|Transmembrane domain,Transmembrane,0.0982000008225441,0.08780000358819962,0.05290000140666962,0.3734999895095825,0.14550000429153442,0.011900000274181366,0.2989000082015991,0.6779000163078308,0.22869999706745148,0.02070000022649765,0.0430000014603138,0.9861000180244446,0.019600000232458115,0.2054000049829483
EKU23093.1,Cell membrane,Transmembrane domain,Transmembrane,0.13529999554157257,0.14190000295639038,0.04729999974370003,0.6640999913215637,0.15330000221729279,0.04600000008940697,0.14900000393390656,0.44130000472068787,0.34470000863075256,0.026399999856948853,0.029100000858306885,0.9968000054359436,0.06449999660253525,0.09880000352859497
CAK9068027.1,Cell membrane,Transmembrane domain,Transmembrane,0.18330000340938568,0.09700000286102295,0.015200000256299973,0.6800000071525574,0.12219999730587006,0.00930000003427267,0.20010000467300415,0.5110999941825867,0.304500013589859,0.012199999764561653,0.03370000049471855,0.9865999817848206,0.03849999979138374,0.20550000667572021
OLQ02574.1,Cell membrane,Transmembrane domain,Transmembrane,0.1551000028848648,0.09989999979734421,0.0471000000834465,0.6636999845504761,0.10809999704360962,0.04540000110864639,0.4268999993801117,0.46369999647140503,0.2930000126361847,0.006800000090152025,0.02759999968111515,0.9854999780654907,0.0414000004529953,0.23229999840259552
OLP81921.1,Cell membrane,Transmembrane domain,Transmembrane,0.14390000700950623,0.15629999339580536,0.039900001138448715,0.6310999989509583,0.15379999577999115,0.05270000174641609,0.3034999966621399,0.35580000281333923,0.42660000920295715,0.0032999999821186066,0.05050000175833702,0.988099992275238,0.06480000168085098,0.1785999983549118
PRW58467.1,Lysosome/Vacuole,Transmembrane domain,Transmembrane,0.17839999496936798,0.0794999971985817,0.04129999876022339,0.38920000195503235,0.20919999480247498,0.008100000210106373,0.19930000603199005,0.7268999814987183,0.33340001106262207,0.008299999870359898,0.0406000018119812,0.9909999966621399,0.05739999935030937,0.14270000159740448
