,ACC,Localization,Cell wall & surface,Extracellular,Cytoplasmic,Cytoplasmic Membrane,Outer Membrane,Periplasmic
0,PLZ32400.1,Cytoplasmic Membrane,0.0000,0.0000,0.0000,0.9998,0.0002,0.0000
1,CAI7983949.1,Cytoplasmic Membrane,0.0000,0.0000,0.0000,0.9996,0.0003,0.0000
2,QNJ19185.1,Cytoplasmic Membrane,0.0000,0.0011,0.0005,0.9953,0.0029,0.0002
3,KGF73937.1,Cytoplasmic Membrane,0.0000,0.0000,0.0000,0.9996,0.0003,0.0000
4,QNI83135.1,Cytoplasmic Membrane,0.0000,0.0005,0.0007,0.9955,0.0021,0.0013
5,BAL28556.1,Cytoplasmic Membrane,0.0000,0.0001,0.0000,0.9986,0.0013,0.0000
6,PLZ30794.1,Cytoplasmic Membrane,0.0000,0.0000,0.0000,0.9998,0.0002,0.0000
7,APD49587.1,Cytoplasmic Membrane,0.0000,0.0007,0.0000,0.9981,0.0011,0.0000
8,BAK50085.1,Cytoplasmic Membrane,0.0000,0.0000,0.0000,0.9997,0.0002,0.0000
9,BAL35422.1,Cytoplasmic Membrane,0.0000,0.0000,0.0000,0.9997,0.0002,0.0000
10,QNJ23740.1,Cytoplasmic Membrane,0.0000,0.0015,0.0009,0.9943,0.0032,0.0001
11,BCX07834.1,Cytoplasmic Membrane,0.0000,0.0000,0.0000,0.9999,0.0001,0.0000
12,QNJ01026.1,Cytoplasmic Membrane,0.0000,0.0001,0.0005,0.9972,0.0019,0.0002
13,RDH47189.1,Cytoplasmic Membrane,0.0000,0.0000,0.0000,0.9998,0.0002,0.0000
14,PHJ82376.1,Cytoplasmic Membrane,0.0000,0.0000,0.0000,0.9997,0.0002,0.0000
15,BAU43551.1,Cytoplasmic Membrane,0.0000,0.0001,0.0000,0.9992,0.0007,0.0000
16,PNK17636.1,Cytoplasmic Membrane,0.0000,0.0000,0.0000,1.0000,0.0000,0.0000
17,RUT11467.1,Cytoplasmic Membrane,0.0003,0.0042,0.0000,0.9401,0.0035,0.0519
18,QNI56096.1,Cytoplasmic Membrane,0.0000,0.0011,0.0009,0.9950,0.0027,0.0002
19,KZR76106.1,Cytoplasmic Membrane,0.0000,0.0003,0.0000,0.9989,0.0007,0.0000
20,CAD5975128.1,Cytoplasmic Membrane,0.0000,0.0000,0.0000,0.9999,0.0001,0.0000
21,BAL31725.1,Cytoplasmic Membrane,0.0000,0.0001,0.0000,0.9986,0.0013,0.0000
22,OKH21081.1,Cytoplasmic Membrane,0.0000,0.0000,0.0000,0.9997,0.0002,0.0000
23,PNK18484.1,Cytoplasmic Membrane,0.0000,0.0000,0.0000,1.0000,0.0000,0.0000
24,BCX06636.1,Cytoplasmic Membrane,0.0000,0.0000,0.0000,0.9998,0.0001,0.0000
25,AII49314.1,Cytoplasmic Membrane,0.0000,0.0003,0.0000,0.9990,0.0006,0.0000
26,BAU44545.1,Cytoplasmic Membrane,0.0000,0.0001,0.0000,0.9996,0.0003,0.0000
27,PZU96120.1,Cytoplasmic Membrane,0.0000,0.0001,0.0000,0.9994,0.0005,0.0000
28,PSB38791.1,Cytoplasmic Membrane,0.0000,0.0010,0.0000,0.9984,0.0005,0.0000
29,QNJ06977.1,Cytoplasmic Membrane,0.0000,0.0001,0.0002,0.9989,0.0007,0.0001
30,KKD37781.1,Cytoplasmic Membrane,0.0000,0.0001,0.0001,0.9992,0.0006,0.0000
31,RCJ19165.1,Cytoplasmic Membrane,0.0000,0.0000,0.0000,0.9996,0.0004,0.0000
32,CAE07824.1,Cytoplasmic Membrane,0.0000,0.0003,0.0000,0.9990,0.0006,0.0000
33,KZR89690.1,Cytoplasmic Membrane,0.0000,0.0002,0.0000,0.9992,0.0005,0.0000
34,PIB04274.1,Cytoplasmic Membrane,0.0000,0.0001,0.0001,0.9991,0.0007,0.0001
35,PHJ63750.1,Cytoplasmic Membrane,0.0000,0.0000,0.0000,0.9997,0.0002,0.0000
36,PHJ88884.1,Cytoplasmic Membrane,0.0000,0.0000,0.0000,0.9997,0.0002,0.0000
37,BCX12236.1,Cytoplasmic Membrane,0.0000,0.0003,0.0001,0.9989,0.0007,0.0000
38,OAB59745.1,Cytoplasmic Membrane,0.0000,0.0003,0.0001,0.9985,0.0010,0.0001
39,OUE49702.1,Cytoplasmic Membrane,0.0001,0.0006,0.0000,0.9975,0.0018,0.0001
40,PMB44091.1,Cytoplasmic Membrane,0.0000,0.0000,0.0000,0.9998,0.0001,0.0000
41,PNK06827.1,Cytoplasmic Membrane,0.0000,0.0000,0.0000,1.0000,0.0000,0.0000
42,PHK17930.1,Cytoplasmic Membrane,0.0000,0.0000,0.0000,0.9997,0.0002,0.0000
43,PHM08083.1,Cytoplasmic Membrane,0.0000,0.0000,0.0000,0.9997,0.0002,0.0000
44,OBQ02862.1,Cytoplasmic Membrane,0.0000,0.0000,0.0000,0.9999,0.0001,0.0000
45,QNJ01062.1,Cytoplasmic Membrane,0.0000,0.0021,0.0011,0.9915,0.0051,0.0002
46,RUS99978.1,Cytoplasmic Membrane,0.0000,0.0000,0.0000,0.9999,0.0001,0.0000
47,QNI96728.1,Cytoplasmic Membrane,0.0000,0.0002,0.0006,0.9966,0.0023,0.0002
48,BBC25080.1,Cytoplasmic Membrane,0.0000,0.0000,0.0000,0.9999,0.0001,0.0000
49,QNI50405.1,Cytoplasmic Membrane,0.0001,0.0003,0.0013,0.9947,0.0031,0.0005
50,PLZ22153.1,Cytoplasmic Membrane,0.0000,0.0000,0.0000,0.9998,0.0002,0.0000
51,PHK08824.1,Cytoplasmic Membrane,0.0000,0.0000,0.0000,0.9997,0.0002,0.0000
52,CAK6690881.1,Cytoplasmic Membrane,0.0000,0.0005,0.0000,0.9987,0.0008,0.0000
53,PLZ96542.1,Cytoplasmic Membrane,0.0000,0.0000,0.0000,0.9998,0.0002,0.0000
54,ODG99339.1,Cytoplasmic Membrane,0.0000,0.0000,0.0000,0.9998,0.0002,0.0000
55,PZO35504.1,Cytoplasmic Membrane,0.0003,0.0016,0.0018,0.9896,0.0066,0.0002
56,OBQ30552.1,Cytoplasmic Membrane,0.0000,0.0000,0.0000,1.0000,0.0000,0.0000
57,QEI42128.1,Cytoplasmic Membrane,0.0000,0.0000,0.0000,0.9998,0.0001,0.0000
58,AII43361.1,Cytoplasmic Membrane,0.0000,0.0002,0.0000,0.9992,0.0005,0.0000
59,QNI95217.1,Cytoplasmic Membrane,0.0001,0.0004,0.0013,0.9952,0.0027,0.0003
60,PXA85143.1,Cytoplasmic,0.0000,0.0001,0.9908,0.0064,0.0005,0.0021
61,PXA88358.1,Cytoplasmic Membrane,0.0000,0.0000,0.0000,0.9998,0.0002,0.0000
62,ANV86116.1,Cytoplasmic Membrane,0.0000,0.0000,0.0000,0.9994,0.0005,0.0000
63,OIP69247.1,Cytoplasmic Membrane,0.0000,0.0000,0.0000,0.9994,0.0005,0.0000
64,QNI69761.1,Cytoplasmic Membrane,0.0001,0.0005,0.0007,0.9950,0.0033,0.0004
65,PHK06305.1,Cytoplasmic Membrane,0.0000,0.0000,0.0000,0.9997,0.0002,0.0000
66,ABB25578.1,Cytoplasmic Membrane,0.0001,0.0004,0.0010,0.9942,0.0041,0.0003
67,QNI77477.1,Cytoplasmic Membrane,0.0000,0.0001,0.0004,0.9977,0.0018,0.0001
68,KKZ14832.1,Cytoplasmic Membrane,0.0000,0.0009,0.0000,0.9965,0.0025,0.0000
69,KZR84933.1,Cytoplasmic Membrane,0.0041,0.0465,0.0722,0.6159,0.2091,0.0523
70,QNI95284.1,Cytoplasmic Membrane,0.0000,0.0023,0.0019,0.9903,0.0050,0.0005
71,WP_310996069.1,Cytoplasmic,0.0001,0.0001,0.9835,0.0078,0.0083,0.0001
72,PSI02662.1,Cytoplasmic Membrane,0.0000,0.0007,0.0000,0.9974,0.0018,0.0000
73,KZR66577.1,Cytoplasmic Membrane,0.0000,0.0002,0.0000,0.9991,0.0006,0.0000
74,QNJ13330.1,Cytoplasmic Membrane,0.0001,0.0003,0.0015,0.9935,0.0038,0.0008
75,EAU74785.1,Cytoplasmic Membrane,0.0000,0.0001,0.0003,0.9978,0.0016,0.0001
76,BAL34894.1,Cytoplasmic Membrane,0.0000,0.0001,0.0000,0.9986,0.0013,0.0000
77,QNI59724.1,Cytoplasmic Membrane,0.0000,0.0002,0.0004,0.9974,0.0020,0.0001
78,EAU73763.1,Cytoplasmic Membrane,0.0000,0.0001,0.0000,0.9996,0.0003,0.0000
79,QNI74319.1,Cytoplasmic Membrane,0.0000,0.0011,0.0005,0.9952,0.0030,0.0002
80,OUW25957.1,Cytoplasmic Membrane,0.0000,0.0003,0.0000,0.9990,0.0007,0.0000
81,QNI80222.1,Cytoplasmic Membrane,0.0000,0.0030,0.0013,0.9893,0.0061,0.0004
82,QNI41668.1,Cytoplasmic Membrane,0.0001,0.0004,0.0011,0.9943,0.0036,0.0005
83,QNJ04072.1,Cytoplasmic Membrane,0.0000,0.0002,0.0007,0.9964,0.0024,0.0002
84,OON13173.1,Cytoplasmic Membrane,0.0001,0.0006,0.0000,0.9972,0.0020,0.0001
85,ALJ67107.1,Cytoplasmic Membrane,0.0000,0.0001,0.0000,0.9986,0.0013,0.0000
86,KJH69849.1,Cytoplasmic Membrane,0.0000,0.0000,0.0000,0.9997,0.0002,0.0000
87,OPH10355.1,Cytoplasmic Membrane,0.0000,0.0000,0.0000,1.0000,0.0000,0.0000
88,KHG42556.1,Cytoplasmic Membrane,0.0000,0.0000,0.0000,0.9999,0.0001,0.0000
89,OCQ91701.1,Cytoplasmic Membrane,0.0000,0.0000,0.0000,0.9997,0.0002,0.0000
90,AGF51072.1,Cytoplasmic Membrane,0.0000,0.0001,0.0000,0.9986,0.0013,0.0000
91,BAU11147.1,Cytoplasmic Membrane,0.0000,0.0000,0.0000,0.9998,0.0001,0.0000
92,CAI8165094.1,Cytoplasmic Membrane,0.0000,0.0002,0.0000,0.9992,0.0005,0.0000
93,QHU99413.1,Cytoplasmic Membrane,0.0000,0.0001,0.0000,0.9985,0.0013,0.0000
94,RUR74446.1,Cytoplasmic Membrane,0.0000,0.0002,0.0001,0.9990,0.0007,0.0000
95,PZV04800.1,Cytoplasmic Membrane,0.0000,0.0010,0.0000,0.9977,0.0012,0.0000
96,AVZ29858.1,Cytoplasmic Membrane,0.0000,0.0000,0.0000,0.9999,0.0001,0.0000
97,CAI8252186.1,Cytoplasmic Membrane,0.0000,0.0003,0.0000,0.9989,0.0008,0.0000
98,QNJ28330.1,Cytoplasmic Membrane,0.0001,0.0017,0.0009,0.9901,0.0067,0.0005
99,OIP70396.1,Cytoplasmic Membrane,0.0000,0.0001,0.0001,0.9988,0.0009,0.0000
100,PNK20616.1,Cytoplasmic Membrane,0.0000,0.0000,0.0000,1.0000,0.0000,0.0000
101,ABB35203.1,Cytoplasmic Membrane,0.0000,0.0005,0.0000,0.9987,0.0007,0.0000
102,ASC69690.1,Cytoplasmic Membrane,0.0000,0.0001,0.0000,0.9995,0.0003,0.0000
103,ABI45511.1,Cytoplasmic Membrane,0.0000,0.0001,0.0000,0.9995,0.0004,0.0000
104,OBQ34590.1,Cytoplasmic Membrane,0.0000,0.0000,0.0000,0.9999,0.0001,0.0000
105,PLZ92214.1,Cytoplasmic Membrane,0.0000,0.0000,0.0000,0.9998,0.0002,0.0000
106,OHY31410.1,Cytoplasmic Membrane,0.0000,0.0000,0.0000,1.0000,0.0000,0.0000
107,PXA97526.1,Cytoplasmic Membrane,0.0000,0.0000,0.0000,0.9994,0.0006,0.0000
108,QNJ28363.1,Cytoplasmic Membrane,0.0001,0.0004,0.0012,0.9940,0.0036,0.0007
109,QNJ19042.1,Cytoplasmic Membrane,0.0000,0.0003,0.0004,0.9965,0.0027,0.0001
110,BDM78998.1,Cytoplasmic Membrane,0.0000,0.0000,0.0000,0.9997,0.0002,0.0000
111,KHG39453.1,Cytoplasmic Membrane,0.0000,0.0000,0.0000,0.9999,0.0001,0.0000
112,PZO51944.1,Cytoplasmic Membrane,0.0000,0.0000,0.0000,0.9994,0.0005,0.0000
113,QEI43514.1,Cytoplasmic Membrane,0.0000,0.0000,0.0000,1.0000,0.0000,0.0000
114,QNI41632.1,Cytoplasmic Membrane,0.0000,0.0025,0.0012,0.9895,0.0065,0.0002
115,QNI55972.1,Cytoplasmic Membrane,0.0000,0.0001,0.0004,0.9981,0.0013,0.0001
116,OBQ41762.1,Cytoplasmic Membrane,0.0000,0.0000,0.0000,0.9999,0.0001,0.0000
117,PSB30061.1,Cytoplasmic Membrane,0.0000,0.0002,0.0001,0.9989,0.0008,0.0000
118,PSF35203.1,Cytoplasmic Membrane,0.0000,0.0001,0.0002,0.9986,0.0010,0.0000
119,KMM16624.1,Cytoplasmic Membrane,0.0001,0.0009,0.0000,0.9970,0.0019,0.0001
120,QNI46119.1,Cytoplasmic Membrane,0.0000,0.0018,0.0007,0.9925,0.0047,0.0002
121,RUT02714.1,Cytoplasmic Membrane,0.0000,0.0000,0.0000,0.9995,0.0004,0.0000
122,PMB19495.1,Cytoplasmic Membrane,0.0000,0.0000,0.0000,0.9998,0.0002,0.0000
123,PXA88395.1,Cytoplasmic Membrane,0.0000,0.0000,0.0000,0.9999,0.0001,0.0000
124,EAZ91561.1,Cytoplasmic Membrane,0.0000,0.0000,0.0000,0.9999,0.0001,0.0000
125,RCJ39146.1,Cytoplasmic Membrane,0.0000,0.0000,0.0000,0.9997,0.0002,0.0000
126,PZV24929.1,Cytoplasmic Membrane,0.0000,0.0007,0.0000,0.9985,0.0007,0.0000
127,AHF63591.1,Cytoplasmic Membrane,0.0000,0.0004,0.0000,0.9987,0.0009,0.0000
128,OUW68215.1,Cytoplasmic Membrane,0.0000,0.0001,0.0000,0.9996,0.0003,0.0000
129,QNJ32484.1,Cytoplasmic Membrane,0.0000,0.0016,0.0006,0.9923,0.0053,0.0001
130,PSB56485.1,Cytoplasmic Membrane,0.0000,0.0000,0.0000,0.9996,0.0003,0.0000
131,QNI74459.1,Cytoplasmic Membrane,0.0000,0.0002,0.0006,0.9966,0.0024,0.0002
132,BCL37443.1,Cytoplasmic Membrane,0.0000,0.0001,0.0000,0.9997,0.0002,0.0000
133,OUL34237.1,Cytoplasmic Membrane,0.0000,0.0000,0.0000,0.9997,0.0003,0.0000
134,RUR87618.1,Cytoplasmic Membrane,0.0000,0.0000,0.0000,0.9997,0.0002,0.0000
135,BAL29084.1,Cytoplasmic Membrane,0.0000,0.0000,0.0000,0.9997,0.0002,0.0000
136,PHK36019.1,Cytoplasmic Membrane,0.0000,0.0000,0.0000,0.9997,0.0002,0.0000
137,PHJ69356.1,Cytoplasmic Membrane,0.0000,0.0000,0.0000,0.9997,0.0002,0.0000
138,AII42891.1,Cytoplasmic Membrane,0.0000,0.0002,0.0000,0.9992,0.0004,0.0000
139,PNK07965.1,Cytoplasmic Membrane,0.0000,0.0000,0.0000,1.0000,0.0000,0.0000
140,BAL32253.1,Cytoplasmic Membrane,0.0000,0.0000,0.0000,0.9997,0.0002,0.0000
141,AUS99094.1,Cytoplasmic Membrane,0.0000,0.0000,0.0000,0.9999,0.0001,0.0000
142,KKZ11993.1,Cytoplasmic Membrane,0.0000,0.0010,0.0000,0.9964,0.0025,0.0000
143,PZV10588.1,Cytoplasmic Membrane,0.0003,0.0018,0.0021,0.9884,0.0072,0.0002
144,RUT12547.1,Cytoplasmic Membrane,0.0000,0.0000,0.0000,0.9996,0.0003,0.0000
145,KZR71753.1,Cytoplasmic Membrane,0.0000,0.0003,0.0000,0.9987,0.0009,0.0000
146,PSB60519.1,Cytoplasmic Membrane,0.0000,0.0000,0.0000,0.9996,0.0003,0.0000
147,OYE04399.1,Cytoplasmic Membrane,0.0000,0.0000,0.0000,0.9998,0.0002,0.0000
148,OKH45921.1,Cytoplasmic Membrane,0.0000,0.0000,0.0000,0.9993,0.0006,0.0000
149,OBU75242.1,Cytoplasmic Membrane,0.0000,0.0000,0.0000,0.9999,0.0000,0.0000
150,KDR57674.1,Cytoplasmic Membrane,0.0000,0.0001,0.0001,0.9993,0.0005,0.0000
151,PZV02046.1,Cytoplasmic Membrane,0.0000,0.0000,0.0000,0.9993,0.0006,0.0000
152,PMB17186.1,Cytoplasmic Membrane,0.0000,0.0000,0.0000,0.9998,0.0002,0.0000
153,PLZ52877.1,Cytoplasmic Membrane,0.0000,0.0000,0.0000,0.9998,0.0002,0.0000
154,PHX87547.1,Cytoplasmic Membrane,0.0000,0.0005,0.0000,0.9987,0.0008,0.0000
155,OBQ15030.1,Cytoplasmic Membrane,0.0000,0.0000,0.0000,0.9999,0.0001,0.0000
156,KZR69229.1,Cytoplasmic Membrane,0.0000,0.0003,0.0000,0.9987,0.0009,0.0000
157,RUT11537.1,Cytoplasmic Membrane,0.0000,0.0001,0.0000,0.9997,0.0001,0.0000
158,WP_292705209.1,Cytoplasmic,0.0002,0.0009,0.9637,0.0131,0.0219,0.0002
159,EDY39748.1,Cytoplasmic Membrane,0.0000,0.0010,0.0000,0.9982,0.0008,0.0000
160,QNJ13293.1,Cytoplasmic Membrane,0.0000,0.0017,0.0010,0.9933,0.0038,0.0001
161,CAE21677.1,Cytoplasmic Membrane,0.0000,0.0000,0.0002,0.9985,0.0011,0.0001
162,ABM78300.1,Cytoplasmic Membrane,0.0000,0.0003,0.0000,0.9990,0.0007,0.0000
163,BAA17913.1,Cytoplasmic Membrane,0.0000,0.0000,0.0000,0.9997,0.0002,0.0000
164,ESA33133.1,Cytoplasmic Membrane,0.0000,0.0001,0.0000,0.9992,0.0006,0.0000
165,KZR87924.1,Cytoplasmic Membrane,0.0000,0.0003,0.0000,0.9992,0.0004,0.0000
166,CAI7985670.1,Cytoplasmic Membrane,0.0000,0.0000,0.0000,0.9998,0.0002,0.0000
167,PSJ07430.1,Cytoplasmic Membrane,0.0000,0.0004,0.0000,0.9988,0.0007,0.0000
168,KZR75416.1,Cytoplasmic Membrane,0.0000,0.0004,0.0000,0.9987,0.0008,0.0000
169,ANV83035.1,Cytoplasmic Membrane,0.0000,0.0000,0.0000,0.9995,0.0005,0.0000
170,QNJ12097.1,Cytoplasmic Membrane,0.0000,0.0024,0.0011,0.9918,0.0044,0.0002
171,KKZ10936.1,Cytoplasmic Membrane,0.0000,0.0013,0.0000,0.9963,0.0023,0.0000
172,ABM77194.1,Cytoplasmic Membrane,0.0000,0.0001,0.0002,0.9982,0.0014,0.0001
173,OHY35053.1,Cytoplasmic Membrane,0.0000,0.0000,0.0000,0.9999,0.0000,0.0000
174,GAB4471002.1,Cytoplasmic Membrane,0.0000,0.0002,0.0001,0.9988,0.0009,0.0000
175,BCL33991.1,Cytoplasmic Membrane,0.0000,0.0000,0.0000,0.9995,0.0004,0.0000
176,PSB27832.1,Cytoplasmic Membrane,0.0000,0.0000,0.0000,0.9995,0.0004,0.0000
177,OCQ91804.1,Cytoplasmic Membrane,0.0000,0.0001,0.0001,0.9991,0.0007,0.0001
178,BCX12033.1,Cytoplasmic Membrane,0.0000,0.0001,0.0000,0.9996,0.0003,0.0000
179,AII45187.1,Cytoplasmic Membrane,0.0000,0.0001,0.0000,0.9995,0.0003,0.0000
180,KYC40837.1,Cytoplasmic Membrane,0.0000,0.0000,0.0000,0.9998,0.0002,0.0000
181,ULP74326.1,Cytoplasmic Membrane,0.0000,0.0000,0.0000,0.9999,0.0001,0.0000
182,KZR92290.1,Cytoplasmic Membrane,0.0000,0.0003,0.0000,0.9992,0.0004,0.0000
183,OBQ18589.1,Cytoplasmic Membrane,0.0000,0.0000,0.0000,1.0000,0.0000,0.0000
184,EAQ69230.1,Cytoplasmic Membrane,0.0000,0.0002,0.0000,0.9993,0.0004,0.0000
185,QNI65256.1,Cytoplasmic Membrane,0.0000,0.0002,0.0006,0.9966,0.0024,0.0002
186,PZD74638.1,Cytoplasmic Membrane,0.0000,0.0002,0.0000,0.9992,0.0006,0.0000
187,ESA33769.1,Cytoplasmic Membrane,0.0000,0.0000,0.0000,0.9998,0.0002,0.0000
188,QQE65068.1,Cytoplasmic Membrane,0.0000,0.0000,0.0000,0.9995,0.0004,0.0000
189,CAD5934914.1,Cytoplasmic Membrane,0.0000,0.0000,0.0000,0.9999,0.0001,0.0000
190,PPT06632.1,Cytoplasmic Membrane,0.0000,0.0000,0.0001,0.9974,0.0022,0.0003
191,QNI96695.1,Cytoplasmic Membrane,0.0000,0.0028,0.0014,0.9900,0.0055,0.0002
192,KZR60787.1,Cytoplasmic Membrane,0.0000,0.0003,0.0000,0.9989,0.0007,0.0000
193,KOP23063.1,Cytoplasmic Membrane,0.0000,0.0000,0.0000,0.9993,0.0007,0.0000
194,UBF27376.1,Cytoplasmic,0.0000,0.0044,0.9809,0.0066,0.0036,0.0045
195,AVP90191.1,Cytoplasmic Membrane,0.0000,0.0000,0.0000,0.9993,0.0006,0.0000
196,OKH29735.1,Cytoplasmic Membrane,0.0000,0.0000,0.0000,0.9998,0.0001,0.0000
197,KZR79641.1,Cytoplasmic Membrane,0.0000,0.0003,0.0000,0.9989,0.0007,0.0000
198,PSB12087.1,Cytoplasmic Membrane,0.0000,0.0003,0.0000,0.9988,0.0008,0.0000
199,PXA99109.1,Cytoplasmic,0.0000,0.0000,0.9993,0.0003,0.0003,0.0001
200,PSM48272.1,Cytoplasmic Membrane,0.0000,0.0000,0.0000,0.9996,0.0003,0.0000
201,GIR24383.1,Cytoplasmic Membrane,0.0000,0.0003,0.0000,0.9993,0.0004,0.0000
202,AII48809.1,Cytoplasmic Membrane,0.0001,0.0009,0.0001,0.9978,0.0011,0.0000
203,WP_002788764.1,Cytoplasmic,0.0002,0.0001,0.9799,0.0070,0.0127,0.0001
204,PLZ57801.1,Cytoplasmic Membrane,0.0000,0.0000,0.0000,0.9998,0.0002,0.0000
205,QNJ32635.1,Cytoplasmic Membrane,0.0000,0.0002,0.0004,0.9968,0.0024,0.0001
206,TCD58523.1,Cytoplasmic Membrane,0.0000,0.0006,0.0000,0.9981,0.0012,0.0000
207,CAI8322503.1,Cytoplasmic Membrane,0.0000,0.0004,0.0000,0.9991,0.0005,0.0000
208,QNI47559.1,Cytoplasmic Membrane,0.0000,0.0011,0.0005,0.9954,0.0029,0.0002
209,RZM82738.1,Cytoplasmic Membrane,0.0000,0.0001,0.0001,0.9988,0.0009,0.0000
210,QNJ16199.1,Cytoplasmic Membrane,0.0001,0.0003,0.0013,0.9944,0.0032,0.0007
211,AMA07974.1,Cytoplasmic Membrane,0.0000,0.0000,0.0000,0.9996,0.0004,0.0000
212,PAX57196.1,Cytoplasmic Membrane,0.0000,0.0000,0.0000,0.9999,0.0001,0.0000
213,BDG63545.1,Cytoplasmic Membrane,0.0000,0.0000,0.0000,0.9999,0.0001,0.0000
214,BDG65160.1,Cytoplasmic Membrane,0.0000,0.0000,0.0000,0.9998,0.0002,0.0000
215,QNI77254.1,Cytoplasmic Membrane,0.0000,0.0008,0.0003,0.9949,0.0040,0.0001
216,KOP26546.1,Cytoplasmic Membrane,0.0000,0.0000,0.0000,0.9998,0.0002,0.0000
217,ULP73506.1,Cytoplasmic Membrane,0.0000,0.0000,0.0000,0.9999,0.0001,0.0000
218,OBQ02451.1,Cytoplasmic Membrane,0.0000,0.0000,0.0000,0.9999,0.0001,0.0000
219,OKH20189.1,Cytoplasmic Membrane,0.0000,0.0000,0.0000,0.9998,0.0002,0.0000
220,OYD87141.1,Cytoplasmic Membrane,0.0000,0.0000,0.0000,0.9998,0.0002,0.0000
221,PZV15985.1,Cytoplasmic Membrane,0.0000,0.0000,0.0000,0.9996,0.0003,0.0000
222,BAA17383.1,Cytoplasmic Membrane,0.0000,0.0001,0.0000,0.9986,0.0013,0.0000
223,PXA99078.1,Cytoplasmic,0.0000,0.0007,0.9973,0.0002,0.0016,0.0001
224,PHJ58525.1,Cytoplasmic Membrane,0.0000,0.0000,0.0000,0.9997,0.0002,0.0000
225,QNI83177.1,Cytoplasmic Membrane,0.0000,0.0018,0.0011,0.9928,0.0040,0.0002
226,ARV59941.1,Cytoplasmic Membrane,0.0000,0.0000,0.0000,0.9998,0.0001,0.0000
227,RUT09529.1,Cytoplasmic Membrane,0.0000,0.0000,0.0000,0.9999,0.0001,0.0000
228,QNI85977.1,Cytoplasmic Membrane,0.0000,0.0013,0.0007,0.9937,0.0040,0.0002
229,QNI65477.1,Cytoplasmic Membrane,0.0000,0.0033,0.0014,0.9902,0.0049,0.0002
230,OUW46705.1,Cytoplasmic Membrane,0.0000,0.0001,0.0000,0.9996,0.0003,0.0000
231,QNI91024.1,Cytoplasmic Membrane,0.0001,0.0003,0.0013,0.9941,0.0035,0.0007
232,OCQ89626.1,Cytoplasmic Membrane,0.0000,0.0000,0.0000,0.9996,0.0003,0.0000
233,PZO42772.1,Cytoplasmic Membrane,0.0000,0.0001,0.0000,0.9992,0.0007,0.0000
234,PSB34761.1,Cytoplasmic Membrane,0.0000,0.0000,0.0000,0.9997,0.0002,0.0000
235,OIP67049.1,Cytoplasmic Membrane,0.0000,0.0000,0.0000,0.9996,0.0003,0.0000
236,ABB35802.1,Cytoplasmic Membrane,0.0000,0.0001,0.0004,0.9974,0.0019,0.0002
237,OUT72662.1,Cytoplasmic Membrane,0.0000,0.0004,0.0000,0.9984,0.0011,0.0000
238,SBO42155.1,Cytoplasmic Membrane,0.0000,0.0009,0.0000,0.9981,0.0009,0.0000
239,QNJ27145.1,Cytoplasmic Membrane,0.0000,0.0001,0.0003,0.9978,0.0017,0.0001
240,EAQ74590.1,Cytoplasmic Membrane,0.0000,0.0005,0.0000,0.9989,0.0006,0.0000
241,QNI89575.1,Cytoplasmic Membrane,0.0000,0.0016,0.0005,0.9930,0.0047,0.0001
242,CAK6693960.1,Cytoplasmic Membrane,0.0000,0.0004,0.0000,0.9989,0.0006,0.0000
243,OOV36237.1,Cytoplasmic Membrane,0.0000,0.0013,0.0000,0.9963,0.0023,0.0000
244,PMB07216.1,Cytoplasmic Membrane,0.0000,0.0000,0.0000,0.9998,0.0002,0.0000
245,QNI71464.1,Cytoplasmic Membrane,0.0000,0.0013,0.0029,0.9870,0.0076,0.0012
246,ABM76437.1,Cytoplasmic Membrane,0.0000,0.0001,0.0000,0.9987,0.0011,0.0000
247,OBQ22343.1,Cytoplasmic Membrane,0.0000,0.0000,0.0000,1.0000,0.0000,0.0000
248,QNJ07989.1,Cytoplasmic Membrane,0.0000,0.0010,0.0005,0.9935,0.0049,0.0001
249,CAK6687839.1,Cytoplasmic Membrane,0.0000,0.0005,0.0000,0.9989,0.0006,0.0000
250,PPS45814.1,Cytoplasmic Membrane,0.0000,0.0000,0.0000,0.9996,0.0003,0.0000
251,AMW31503.1,Cytoplasmic Membrane,0.0000,0.0001,0.0001,0.9993,0.0005,0.0000
252,QNJ04118.1,Cytoplasmic Membrane,0.0000,0.0018,0.0009,0.9918,0.0053,0.0002
253,OKH28512.1,Cytoplasmic Membrane,0.0000,0.0000,0.0000,0.9997,0.0003,0.0000
254,EAU71651.1,Cytoplasmic Membrane,0.0000,0.0001,0.0000,0.9994,0.0005,0.0000
255,OUC12115.1,Cytoplasmic Membrane,0.0000,0.0001,0.0000,0.9992,0.0006,0.0000
256,AHF64487.1,Cytoplasmic Membrane,0.0000,0.0002,0.0007,0.9967,0.0023,0.0002
257,GAB4371357.1,Cytoplasmic Membrane,0.0000,0.0001,0.0000,0.9995,0.0004,0.0000
258,PHK41817.1,Cytoplasmic Membrane,0.0000,0.0000,0.0000,0.9997,0.0002,0.0000
259,QNJ12067.1,Cytoplasmic Membrane,0.0000,0.0002,0.0006,0.9969,0.0021,0.0002
260,PLZ23064.1,Cytoplasmic Membrane,0.0000,0.0000,0.0000,0.9998,0.0002,0.0000
261,KZR81258.1,Cytoplasmic Membrane,0.0000,0.0003,0.0000,0.9990,0.0007,0.0000
262,CCQ63046.1,Cytoplasmic Membrane,0.0000,0.0000,0.0000,0.9999,0.0001,0.0000
263,KKJ01134.1,Cytoplasmic Membrane,0.0000,0.0001,0.0000,0.9989,0.0008,0.0001
264,PNK08116.1,Cytoplasmic Membrane,0.0000,0.0000,0.0000,1.0000,0.0000,0.0000
265,OUL24191.1,Cytoplasmic Membrane,0.0000,0.0000,0.0000,0.9996,0.0004,0.0000
266,QNI50366.1,Cytoplasmic Membrane,0.0000,0.0016,0.0009,0.9939,0.0035,0.0001
267,PMB07517.1,Cytoplasmic Membrane,0.0000,0.0000,0.0000,0.9998,0.0002,0.0000
268,OYD92023.1,Cytoplasmic Membrane,0.0000,0.0000,0.0000,0.9998,0.0002,0.0000
269,KZR64143.1,Cytoplasmic Membrane,0.0000,0.0002,0.0000,0.9991,0.0006,0.0000
270,RCJ21615.1,Cytoplasmic Membrane,0.0000,0.0000,0.0000,0.9997,0.0002,0.0000
271,QNI59601.1,Cytoplasmic Membrane,0.0000,0.0017,0.0008,0.9929,0.0045,0.0001
272,GFE71051.1,Cytoplasmic Membrane,0.0000,0.0003,0.0001,0.9987,0.0009,0.0000
273,CAK24483.1,Cytoplasmic Membrane,0.0000,0.0001,0.0003,0.9985,0.0009,0.0001
274,ACA99253.1,Cytoplasmic Membrane,0.0000,0.0002,0.0000,0.9993,0.0005,0.0000
275,ALB41571.1,Cytoplasmic Membrane,0.0000,0.0000,0.0000,0.9999,0.0001,0.0000
276,PZO43499.1,Cytoplasmic Membrane,0.0000,0.0000,0.0000,0.9997,0.0003,0.0000
277,GDX75809.1,Cytoplasmic Membrane,0.0001,0.0054,0.0007,0.9913,0.0024,0.0001
278,BAK49557.1,Cytoplasmic Membrane,0.0000,0.0001,0.0000,0.9986,0.0013,0.0000
279,CAK6689060.1,Cytoplasmic Membrane,0.0000,0.0002,0.0000,0.9990,0.0007,0.0000
280,AKN60465.1,Cytoplasmic Membrane,0.0000,0.0001,0.0000,0.9994,0.0005,0.0000
281,QNI68522.1,Cytoplasmic Membrane,0.0000,0.0014,0.0009,0.9923,0.0050,0.0004
282,CAI8155261.1,Cytoplasmic Membrane,0.0000,0.0006,0.0000,0.9987,0.0007,0.0000
283,KZL49711.1,Cytoplasmic Membrane,0.0000,0.0000,0.0000,0.9998,0.0002,0.0000
284,KEF42774.1,Cytoplasmic Membrane,0.0000,0.0009,0.0000,0.9987,0.0004,0.0000
285,CAE07134.1,Cytoplasmic Membrane,0.0001,0.0003,0.0014,0.9941,0.0034,0.0007
286,RUR83480.1,Cytoplasmic Membrane,0.0000,0.0000,0.0000,0.9994,0.0005,0.0000
287,KRH95982.1,Cytoplasmic Membrane,0.0000,0.0000,0.0000,1.0000,0.0000,0.0000
288,QNI68657.1,Cytoplasmic Membrane,0.0000,0.0001,0.0003,0.9986,0.0009,0.0001
289,BAY54439.1,Cytoplasmic Membrane,0.0000,0.0000,0.0000,0.9998,0.0002,0.0000
290,ALF52291.1,Cytoplasmic Membrane,0.0000,0.0000,0.0000,0.9997,0.0003,0.0000
291,OYQ62955.1,Cytoplasmic Membrane,0.0000,0.0000,0.0000,0.9997,0.0002,0.0000
292,QNJ06826.1,Cytoplasmic Membrane,0.0000,0.0011,0.0004,0.9943,0.0040,0.0001
293,PSB01844.1,Cytoplasmic Membrane,0.0000,0.0001,0.0000,0.9985,0.0013,0.0001
294,PWL23844.1,Cytoplasmic Membrane,0.0000,0.0007,0.0000,0.9983,0.0009,0.0000
295,PZO12870.1,Cytoplasmic Membrane,0.0000,0.0003,0.0000,0.9984,0.0013,0.0000
296,WP_083624467.1,Cytoplasmic,0.0001,0.0001,0.9852,0.0070,0.0074,0.0001
297,QNI62356.1,Cytoplasmic Membrane,0.0000,0.0002,0.0005,0.9969,0.0022,0.0002
298,BDI17930.1,Cytoplasmic Membrane,0.0000,0.0002,0.0001,0.9992,0.0006,0.0000
299,KZR90125.1,Cytoplasmic Membrane,0.0041,0.0458,0.0547,0.6228,0.2200,0.0526
300,CCQ67360.1,Cytoplasmic Membrane,0.0000,0.0000,0.0000,0.9999,0.0000,0.0000
301,EAR18757.1,Cytoplasmic Membrane,0.0000,0.0002,0.0000,0.9994,0.0004,0.0000
302,OKH15338.1,Cytoplasmic Membrane,0.0000,0.0000,0.0000,0.9998,0.0001,0.0000
303,OUL28903.1,Cytoplasmic Membrane,0.0000,0.0000,0.0000,0.9997,0.0003,0.0000
304,QNJ09552.1,Cytoplasmic Membrane,0.0001,0.0004,0.0009,0.9949,0.0032,0.0005
305,CAK28856.1,Cytoplasmic Membrane,0.0001,0.0004,0.0009,0.9952,0.0030,0.0005
306,QNJ27003.1,Cytoplasmic Membrane,0.0000,0.0010,0.0004,0.9948,0.0037,0.0001
307,AKG21054.1,Cytoplasmic Membrane,0.0000,0.0000,0.0000,0.9999,0.0001,0.0000
308,OKH59302.1,Cytoplasmic Membrane,0.0000,0.0000,0.0000,0.9997,0.0003,0.0000
309,CAE20843.1,Cytoplasmic Membrane,0.0000,0.0003,0.0000,0.9990,0.0007,0.0000
310,PHV61413.1,Cytoplasmic Membrane,0.0000,0.0000,0.0000,0.9999,0.0001,0.0000
311,OJJ15498.1,Cytoplasmic Membrane,0.0000,0.0001,0.0000,0.9992,0.0007,0.0000
312,TBR57340.1,Cytoplasmic Membrane,0.0000,0.0000,0.0000,0.9998,0.0002,0.0000
313,BAZ43176.1,Cytoplasmic Membrane,0.0000,0.0001,0.0000,0.9996,0.0002,0.0000
314,RCJ38983.1,Cytoplasmic Membrane,0.0000,0.0000,0.0000,0.9998,0.0002,0.0000
315,TCD57183.1,Cytoplasmic Membrane,0.0000,0.0006,0.0000,0.9981,0.0012,0.0000
316,PZV10390.1,Cytoplasmic Membrane,0.0000,0.0000,0.0000,0.9999,0.0001,0.0000
317,AJD56400.1,Cytoplasmic Membrane,0.0000,0.0004,0.0000,0.9970,0.0025,0.0001
318,BDM78311.1,Cytoplasmic Membrane,0.0000,0.0000,0.0000,0.9996,0.0003,0.0000
319,ULP74397.1,Cytoplasmic Membrane,0.0000,0.0000,0.0000,1.0000,0.0000,0.0000
320,EAZ94150.1,Cytoplasmic Membrane,0.0000,0.0000,0.0000,0.9997,0.0003,0.0000
321,PZV26767.1,Cytoplasmic Membrane,0.0000,0.0000,0.0000,0.9999,0.0001,0.0000
322,PXA84402.1,Cytoplasmic,0.0000,0.0005,0.9966,0.0014,0.0011,0.0004
323,GDX71689.1,Cytoplasmic Membrane,0.0000,0.0003,0.0000,0.9980,0.0015,0.0001
324,ABB26015.1,Cytoplasmic Membrane,0.0000,0.0000,0.0000,0.9996,0.0003,0.0000
325,ESA33092.1,Cytoplasmic Membrane,0.0000,0.0000,0.0000,0.9996,0.0003,0.0000
326,EAR19706.1,Cytoplasmic Membrane,0.0000,0.0001,0.0002,0.9988,0.0009,0.0001
327,AII45787.1,Cytoplasmic Membrane,0.0001,0.0008,0.0001,0.9981,0.0009,0.0000
328,OBQ38562.1,Cytoplasmic Membrane,0.0000,0.0000,0.0000,1.0000,0.0000,0.0000
329,QNI90975.1,Cytoplasmic Membrane,0.0000,0.0018,0.0011,0.9932,0.0038,0.0001
330,PHK14640.1,Cytoplasmic Membrane,0.0000,0.0000,0.0000,0.9997,0.0002,0.0000
331,OAB60932.1,Cytoplasmic,0.0001,0.0009,0.9455,0.0005,0.0022,0.0508
332,PIG90711.1,Cytoplasmic Membrane,0.0000,0.0000,0.0000,0.9997,0.0002,0.0000
333,PHJ88355.1,Cytoplasmic Membrane,0.0000,0.0000,0.0000,0.9997,0.0002,0.0000
334,RUS97868.1,Cytoplasmic Membrane,0.0000,0.0002,0.0000,0.9994,0.0003,0.0000
335,QNI47422.1,Cytoplasmic Membrane,0.0000,0.0003,0.0005,0.9963,0.0027,0.0001
336,AGF51601.1,Cytoplasmic Membrane,0.0000,0.0000,0.0000,0.9997,0.0002,0.0000
337,OSO94578.1,Cytoplasmic Membrane,0.0000,0.0000,0.0000,0.9999,0.0000,0.0000
338,PZU94451.1,Cytoplasmic Membrane,0.0000,0.0001,0.0002,0.9992,0.0005,0.0000
339,ABI46406.1,Cytoplasmic Membrane,0.0000,0.0002,0.0004,0.9972,0.0021,0.0001
340,EAU72329.1,Cytoplasmic Membrane,0.0001,0.0003,0.0009,0.9947,0.0038,0.0002
341,PMB47855.1,Cytoplasmic Membrane,0.0000,0.0000,0.0000,0.9997,0.0002,0.0000
342,ANV89289.1,Cytoplasmic Membrane,0.0000,0.0000,0.0000,0.9995,0.0004,0.0000
343,QNJ16163.1,Cytoplasmic Membrane,0.0000,0.0021,0.0015,0.9918,0.0044,0.0002
344,QQE66698.1,Cytoplasmic Membrane,0.0000,0.0001,0.0002,0.9992,0.0005,0.0000
345,WP_190713082.1,Cytoplasmic,0.0001,0.0001,0.9695,0.0025,0.0277,0.0001
346,RUR75892.1,Cytoplasmic Membrane,0.0000,0.0000,0.0000,0.9998,0.0001,0.0000
347,PHK27662.1,Cytoplasmic Membrane,0.0000,0.0000,0.0000,0.9997,0.0002,0.0000
348,OKH43778.1,Cytoplasmic Membrane,0.0003,0.0011,0.0016,0.9897,0.0071,0.0002
349,QNI62387.1,Cytoplasmic Membrane,0.0000,0.0020,0.0012,0.9924,0.0041,0.0002
350,BDI18038.1,Cytoplasmic Membrane,0.0000,0.0000,0.0000,0.9998,0.0002,0.0000
351,PZV03094.1,Cytoplasmic Membrane,0.0000,0.0010,0.0000,0.9977,0.0012,0.0000
352,PMB24286.1,Cytoplasmic Membrane,0.0000,0.0000,0.0000,0.9998,0.0002,0.0000
353,OAB60717.1,Cytoplasmic Membrane,0.0000,0.0003,0.0001,0.9986,0.0010,0.0000
354,PZV15854.1,Cytoplasmic Membrane,0.0000,0.0001,0.0000,0.9992,0.0007,0.0000
355,CAK6699031.1,Cytoplasmic Membrane,0.0000,0.0006,0.0000,0.9989,0.0004,0.0000
356,PZD74673.1,Cytoplasmic Membrane,0.0000,0.0000,0.0000,0.9994,0.0005,0.0000
357,QNI89747.1,Cytoplasmic Membrane,0.0000,0.0001,0.0004,0.9975,0.0019,0.0001
358,QNJ23859.1,Cytoplasmic Membrane,0.0000,0.0001,0.0003,0.9980,0.0014,0.0001
359,PZV07262.1,Cytoplasmic Membrane,0.0003,0.0015,0.0018,0.9881,0.0080,0.0002
360,WP_072620110.1,Cytoplasmic,0.0002,0.0005,0.9514,0.0099,0.0377,0.0003
361,OKH50853.1,Cytoplasmic Membrane,0.0000,0.0001,0.0002,0.9991,0.0006,0.0000
362,GIR75091.1,Cytoplasmic Membrane,0.0001,0.0017,0.0000,0.9973,0.0009,0.0000
